A Place,-123.67,274.12,s,hx,x,x,x,x,x,x,x,x,
Abadan,-70.27,-96.63,m,hf,x5,1.03,asb,63%,subarctic,terran,9,x,
Abagnar,379.96,317.04,k,hx,x,x,x,x,temperate,argrarian,x,x,
Abbadiyah,-317.73,248.32,s,hx,x,x,x,x,x,x,x,x,
Abbeville,605.44,-40.12,d,hx,x,x,x,x,x,x,x,x,
Abejorral,-299.11,128.31,s,hx,x,x,x,x,x,x,x,x,
Aberystwyth,-430.64,59.05,s,hx,x,x,x,x,x,x,x,x,
Abiy Adi,349.22,316.78,k,hg,x3,1.2,asb,18%,arid,savannah,11,x,
Abramkovo,-330.6,-28.94,s,hx,x,x,x,x,x,x,x,x,
Abruzzi,149.28,-306.5,d,hx,x,x,x,x,x,x,x,x,
Acala,134.06,-125.23,d,hx,x,x,x,x,x,x,x,x,
Acamar,39.51,-38.84,l,hg,10,1,asb,63%,arctic,glacial,x,x,
Accrington,-10.08,146,s,hx,x,x,x,x,x,x,x,x,
Achernar,77.23,-32.58,l,hb,3,0.9,asb,30%,temperate,terran,x,flag,
Aconcagua,-274.83,-190.97,m,hx,x,x,x,x,x,x,x,x,
Acrux,-351.75,41.04,s,hx,x,x,x,x,x,x,x,x,
Acubens,-52.18,-51.06,m,hx,x,x,x,x,x,x,x,x,
Ad Duwayd,361.62,377.18,k,hx,x,x,x,x,x,x,x,x,
Addicks,71.38,-0.69,d,hk,7,1,ahb,62%,tropical,terran,x,flag,
Adelaide,-250.28,317.57,s,hx,x,x,x,x,x,x,x,x,
Adelson,472.42,-247.1,d,hx,x,x,x,x,x,x,x,x,
Adhafera,-105.19,-51.59,m,hx,x,x,x,x,x,x,x,x,
Adrian,448.91,28.34,d,hx,x,x,x,x,x,x,x,x,
Agematsu,253.65,186.87,k,hf,x2,0.85,atb,14%,arid,marginal,10,vex,
Agliana,389.51,-291.62,d,hx,x,x,x,x,x,x,x,x,
Aiguebelle,-384.59,102.27,s,hx,x,x,x,x,x,x,x,x,
Aitutaki,-164.52,-167.74,m,hk,x3,1.15,ahb,70%,tropical,terran,13,flag,
Aix-la-Chapelle,76.54,163.79,k,ha,x4,0.9,ahx,81%,stormy,wasteland,14,flag,
Akfata,-381.51,177.51,s,hx,x,x,x,x,x,x,x,x,
Al Hillah,-25.36,179.99,k,hx,x,x,x,x,x,x,x,x,
Al Jafr,-412.51,12.2,s,hx,x,x,x,x,x,x,x,x,
Al Jubaylah,-183.62,-283.83,m,hx,x,x,x,x,x,x,x,x,
Al Na'ir,60.06,31.47,k,ha,5,0.6,att,30%,temperate,savannah,19,flag,
Alarion,-319.47,139.6,s,hg,x3,0.98,asb,80%,tropical,archipelago,19,flag,
Albalii,71.03,79.1,k,hf,4,0.81,asb,55%,arid,desert,x,flag,
Albert Falls,-259.63,-133.23,m,hx,x,x,x,x,x,x,x,x,
Albiero,150.33,359.27,k,hm,x3,1.04,asb,12%,temperate,desert,10,x,
Alchiba,-67.68,1.79,s,hf,6,0.73,asb,55%,temperate,terran,x,x,
Alcor,-74.65,29.11,s,ha,3,1.01,asb,88%,temperate,archipelago,x,x,
Alcyone,129.65,-198.99,d,hk,x2,x,x,x,x,x,x,x,
Aldebaran,24.79,-64.87,l,hk,x5,x,x,60%,temperate,terran,x,flag,
Aldertaine,44.68,-192.4,l,hx,x,x,x,x,x,x,x,x,
Alekseyevka,-403.2,185.05,s,hx,x,x,x,x,x,x,x,x,
Alexandria,-57.61,116.85,s,hm,x3,1.07,asb,82%,temperate,argrarian,x,flag,
Algate,323.38,380.84,k,hx,x,x,x,x,x,x,x,x,
Algedi,66,96.1,k,ha,x5,0.9,asb,15%,arid,desert,17,flag,
Algol,64.83,-68.25,l,hg,9,1.1,asb,50%,temperate,argrarian,18,x,
Algorab,-114.76,13.88,s,ha,5,x,ast,17%,aird,desert,x,x,
Algot,85.75,-83.36,d,hg,9,1.1,asb,56%,tropical,terran,x,flag,
Alhena,-82.41,-14.62,m,ha,4,0.91,atb,16%,subarctic,marginal,x,x,
Alioth,-58.9,14.02,s,ha,4,0.9,ahb,63%,temperate,marginal,x,x,
Alkaid,-94.02,47.34,s,hb,2,1.17,asb,37%,arid,desert,x,x,
Alkalurops,-35.91,45.52,s,ha,4,1,aht,43%,stormy,savannah,x,x,
Alkes,-114.7,-31.03,m,hx,x,x,x,x,x,x,x,x,
Alleghe,-9.82,408.95,k,hx,x,x,x,x,x,x,x,x,
Allerton,263.2,7.25,d,hx,x,x,x,x,x,x,x,x,
Alma Alta,-183.44,187.4,s,hx,x,x,x,x,x,x,x,x,
Almach,100.73,-62,d,hk,x2,x,x,70%,temperate,argrarian,x,flag,
Almunge,163.5,399.84,k,hx,x,x,x,x,x,x,x,x,
Alnasi,2.84,116.85,k,hk,4,0.82,x,36%,arid,savannah,x,x,
Alorton,-353.38,-86.48,m,hx,x,x,x,x,x,x,x,x,
Alphard,-65.36,-52.37,m,hx,x,x,x,x,x,x,x,x,
Alphecca,-46.75,62.43,s,ha,5,1.18,asb,83%,temperate,argrarian,x,x,
Alrakis,-19.89,82.48,k,hk,3,1.24,asb,67%,temperate,terran,x,x,
Alrescha,84.46,-49.76,l,ha,4,0.8,asb,50%,temperate,jungle,x,x,
Alsek,315.38,-239.81,d,hx,x,x,x,x,x,x,x,x,
Alshain,58.31,280.84,k,hf,x5,1.02,asb,85%,temperate,terran,23,flag,
Alta Vista,506.26,12.97,d,hx,x,x,x,x,x,x,x,x,
Altair,8.84,13.86,k,hf,5,1,ast,6%,arid,desert,x,flag,
Altais,37.19,110.61,k,hf,1,0.98,aht,81%,tropical,archipelago,x,x,
Altdorf,332.94,120.23,k,hx,x,x,x,x,x,x,x,x,
Altenmarkt,13.68,225.41,k,hx,x,x,x,x,x,x,x,x,
Alterf,-203.83,-155.97,m,hx,x,x,x,x,x,x,x,x,
Althastan,-432.13,-26.33,s,hx,x,x,x,x,x,x,x,x,
Altona,283.35,424.57,k,hx,x,x,x,x,x,x,x,x,
Altoona,550.17,-4.21,d,hx,x,x,x,x,x,x,x,x,"Might be called Red Eagle System, gas giant with three inhabited moons."
Altorra,-2.85,-265.37,l,hg,x4,0.83,atb,76%,tropical,terran,17,x,
Alula Australis,-24.29,-4.73,m,ha,8,1.09,asb,87%,temperate,terran,16,flag,
Alula Borealis,-258.8,-54.46,m,,,,,,,,,,
Alya,26.33,97.33,k,,,,,,,,,,
Alyina,-134.81,343.35,s,,,,,,,,,,
Ambergrist,83.43,-259.37,l,,,,,,,,,,
Amiga,165.05,-85.17,d,,,,,,,,,,
Amity,-128.86,-31.03,m,,,,,,,,,,
Amminadav,-410.92,200.95,s,,,,,,,,,,
An Ting,301.43,110.61,k,,,,,,,,,,
Anaheim,299.11,-313.99,d,,,,,,,,,,
Ancha,75.41,36.4,k,,,,,,,,,,
Andalusia,391.06,-109.95,d,,,,,,,,,,
Andarmax,-3.37,-389.26,l,,,,,,,,,,
Andro,144.64,-174.23,d,,,,,,,,,,
Andurien,-41.31,-317.51,m,,,,,,,,,,
Anegasaki,-49.33,-218.25,m,,,,,,,,,,
Anembo,-288.52,317.04,s,,,,,,,,,,
Angell,-98.16,-84.64,m,,,,,,,,,,
Angol,87.81,-39.09,d,,,,,,,,,,
Anguilla,411.47,79.85,d,,,,,,,,,,
Anjin Muerto,586.08,-78.66,d,,,,,,,,,,
Ankaa,74.63,-9.41,d,,,,,,,,,,
Ankolika,-217,-222.84,m,,,,,,,,,,
Annapolis,164.53,131.68,k,,,,,,,,,,
Annunziata,-239.99,361.3,s,,,,,,,,,,
Antares,-124.8,299.87,s,,,,,,,,,,
Antietam,330.62,-138,d,,,,,,,,,,
Antipolo,-94.8,-270.76,m,,,,,,,,,,
Anywhere,-167.08,439.15,s,,,,,,,,,,
Apolakkia,-116.28,342.82,s,,,,,,,,,,
Apollo,-129.45,435.51,s,,,,,,,,,,
Apostica,-59.67,156.42,s,,,,,,,,,,
Apriki,173.05,122.32,k,,,,,,,,,,
Arboris,43.13,-51.85,l,,,,,,,,,,
Arcadia,-186.2,-8.11,s,,,,,,,,,,
Arc-Royal,-170.26,228.2,s,,,,,,,,,,
Arcturus,-77.94,175.62,s,,,,,,,,,,
Ardoz,46.22,247.53,k,,,,,,,,,,
Ares,95.31,-175.23,l,,,,,,,,,,
Arganda,-154.71,36.4,s,,,,,,,,,,
Argyle,255.19,-109.95,d,,,,,,,,,,
Ariel,-115.69,-99.22,m,,,,,,,,,,
Aristotle,-183.44,65.56,s,,,,,,,,,,
Arkab,77.23,202.24,k,,,,,,,,,,
Arlington,212.58,100.45,k,,,,,,,,,,
Arluna,-281.28,336.32,s,,,,,,,,,,
Armaxa,106.41,-207.28,l,,,,,,,,,,
Armington,420.5,-305.9,d,,,,,,,,,,
Arnaudville,583.23,36.92,d,,,,,,,,,,
As Samik,346.63,-288.73,d,,,,,,,,,,
Ascella,20.91,74.94,k,,,,,,,,,,
Asellus Australis,-99.94,-114.64,m,,,,,,,,,,
Asellus Borealis,-100.54,-119.03,m,,,,,,,,,,
Asgard,126.56,268.1,k,,,,,,,,,,
Ashburton,-263.26,-140.89,m,,,,,,,,,,
Ashio,73.49,67.7,k,,,,,,,,,,
Ashkum,111.84,-101.86,l,,,,,,,,,,
Ashley,164.28,-310.6,d,,,,,,,,,,
Aspropirgos,-119.05,-383.26,m,hx,x,x,x,x,x,x,x,x,
Asta,4.12,25.73,k,hk,7,0.74,ahb,77%,tropical,wasteland,x,x,
Asuncion,5.17,-102.36,m,hx,x,x,x,x,x,x,x,x,
Athenry,17.56,31.2,k,hf,2,1.04,ahb,88%,tropical,archipelago,x,x,
Atlas,157.3,-245.8,d,hx,x,x,x,x,x,x,x,x,
Atocongo,-170.75,247.02,s,hx,x,x,x,x,x,x,x,x,
Atreus,-190.93,-164.94,m,hf,x3,1,asb,70%,tropical,jungle,21,flag,FWL Capital
Atria,-16.02,52.02,k,hk,10,0.83,ahb,96%,tropical,archipelago,x,x,
Atsugi,-200.96,-228.83,m,hx,x,x,x,x,x,x,x,x,
Atzenbrugg,-377.36,-177.82,m,hx,x,x,x,x,x,x,x,x,
Aubisson,4.38,147.57,k,hx,x,x,x,x,x,x,x,x,
Aucara,176.42,-298.41,d,hx,x,x,x,x,x,x,x,x,
Augusta,282.06,-99.75,d,hf,8,0.77,asb,50%,temperate,terran,21,x,
Augustine,-43.66,-77.37,m,hg,x6,1,ahb,67%,arid,argrarian,19,flag,
Auldhouse,-50.96,140.19,s,hx,x,x,x,x,x,x,x,x,
Aur,-146.69,135.34,s,hx,x,x,x,x,x,x,x,x,
Australia,-304.07,291.54,s,hk,x3,1.08,asb,76%,temperate,terran,18,flag,
Autumn Wind,-167.38,-88.04,m,hx,x,x,x,x,arid,argrarian,x,x,
Avawatz,164.79,-29.71,d,hx,x,x,x,x,x,x,x,x,
Avellaneda,-57.61,-82.83,m,hx,x,x,x,x,x,x,x,x,
Avigait,152.91,-277.05,d,hx,x,x,x,x,x,x,x,x,
Avior,-116.78,-164.35,m,hx,x,x,x,x,x,x,x,x,
Avon,149.97,252.59,k,hg,x,1.07,asb,47%,arid,terran,22,x,
Awano,95.83,162.16,k,hx,x,x,x,x,x,x,x,x,
Axton,127.07,-114.04,d,hk,x3,1,asb,50%,subarctic,terran,19,x,
Ayacucho,-403,53.33,s,hx,x,x,x,x,x,x,x,x,
Aylmer,-390.53,-142.98,m,hx,x,x,x,x,x,x,x,x,
Ayn Tarma,-172.34,-304.9,m,hx,x,x,x,x,x,x,x,x,
Azha,53.73,-51.85,l,hk,7,1.1,asb,43%,arid,savannah,x,x,
Babaeski,-137.47,310.02,s,,,,,,,,,,
Babuyan,87.81,224.89,k,,,,,,,,,,
Bacum,157.05,-291.32,d,,,,,,,,,,
Bad News,421.8,196.77,k,,,,,,,,,,
Bainsville,-141.34,-83.87,m,,,,,,,,,,
Baker,-104.39,326.42,s,,,,,,,,,,
Baldur,79.8,189.48,k,,,,,,,,,,
Ballynure,-82.14,248.06,s,,,,,,,,,,
Balsta,28.93,415.72,k,,,,,,,,,,
Ban Na San,359.54,222.29,k,,,,,,,,,,
Bandora,13.16,-178.63,l,,,,,,,,,,
Bangor,176.42,352.2,k,,,,,,,,,,
Baranda,448.91,-260.88,d,,,,,,,,,,
Barcelona,-204.63,414.42,s,,,,,,,,,,
Barlaston,-123.51,-268.47,m,,,,,,,,,,
Barlow's Folly,173.18,66.9,k,,,,,,,,,,
Barlow's End,304.27,63.48,d,,,,,,,,,,
Barras,20.91,-356.71,l,,,,,,,,,,
Barstow,170.48,-41.18,d,,,,,,,,,,
Baruun Urt,105.51,239.4,k,,,,,,,,,,
Baryshevo,-350.22,237.12,s,,,,,,,,,,
Basalt,66.11,-29.2,d,,,,,,,,,,
Basantapur,364.2,-286.44,d,,,,,,,,,,
Basiliano,-36.93,343.86,k,,,,,,,,,,
Bassfield,588.4,4.91,d,,,,,,,,,,
Bastian,297.04,-161.16,d,,,,,,,,,,
Bastrop,562.98,62.16,d,,,,,,,,,,
Batajnica,-369.62,119.2,s,,,,,,,,,,
Batavia,200.95,-55.75,d,,,,,,,,,,
Baxley,431.87,-151.07,d,,,,,,,,,,
Baxter,-31.26,113.47,s,,,,,,,,,,
Bayindir,-242.56,-298.41,m,,,,,,,,,,
Beaumont,583.5,40.05,d,,,,,,,,,,
Bedeque,-124.5,-77.89,m,,,,,,,,,,
Beecher,183.65,-50.55,d,,,,,,,,,,
Beenleigh,183.65,-270.76,d,,,,,,,,,,
Beid,124.5,-245.5,d,,,,,,,,,,
Belaire,334.24,-276.26,d,,,,,,,,,,
Bell,104.16,-109.87,l,,,,,,,,,,
Bella,-259.1,-44.56,m,,,,,,,,,,
Belladonna,262.68,-125.51,d,,,,,,,,,,
Bellatrix,54.24,-354.11,l,,,,,,,,,,
Bellevue,327.78,-58.1,d,,,,,,,,,,
Benedict,472.94,-11.5,d,,,,,,,,,,
Benet,262.68,58.54,d,,,,,,,,,,
Benfled,-72.84,262.64,s,,,,,,,,,,
Benjamin,123.89,135.52,k,,,,,,,,,,
Bensinger,-128.66,447.74,s,,,,,,,,,,
Bentley,-6.97,-235.42,l,,,,,,,,,,
Berenson,-13.69,-71.63,m,,,,,,,,,,
Bergman's Planet,265.78,75.45,d,,,,,,,,,,
Bernardo,-21.19,-94.8,m,,,,,,,,,,
Bessarabia,-25.58,278.78,k,,,,,,,,,,
Beta Mensae,316.93,130.12,k,,,,,,,,,,
Beta,-154.71,387.08,s,,,,,,,,,,
Betelgeuse,5.68,-309.09,l,,,,,,,,,,
Beten Kaitos,167.04,-113.71,d,,,,,,,,,,
Bethel,140.52,-185.41,d,,,,,,,,,,
Bettendorf,264.74,25.99,d,,,,,,,,,,
Bharat,58.88,-41.96,l,,,,,,,,,,
Bicester,148.51,229.58,k,,,,,,,,,,
Biham,71.8,36.92,k,,,,,,,,,,
Biloela,-351.01,-12.8,s,,,,,,,,,,
Binyang,-370.12,21.57,s,,,,,,,,,,
Biota,-44.69,273.57,s,,,,,,,,,,
Birmensdorf,382.8,-272.86,d,,,,,,,,,,
Birqash,275.6,-268.17,d,,,,,,,,,,
Bismarck,-245.14,-266.86,m,,,,,,,,,,
Bithinia,-18.86,-179.73,l,,,,,,,,,,
Biuque,-222.95,246.76,s,,,,,,,,,,
Bjarred,243.22,411.62,k,,,,,,,,,,
Bjornlunda,-149.86,89,s,,,,,,,,,,
Black Earth,-180.26,396.46,s,,,,,,,,,,
Blackjack,-156.79,367.03,s,,,,,,,,,,
Blair Atholl,-98.68,273.05,s,,,,,,,,,,
Blandinsville,227.81,-33.11,d,,,,,,,,,,
Blue Diamond,-41.58,182.72,s,,,,,,,,,,
Blue Hole,-186.5,351.15,s,,,,,,,,,,
Bluford,447.11,-80.75,d,,,,,,,,,,
Blumenort,-208.68,298.57,s,,,,,,,,,,
Boardwalk,-13.69,-198.99,l,,,,,,,,,,
Bobruisk,-335.94,-15.59,s,,,,,,,,,,
Bogard,269.14,-32.58,d,,,,,,,,,,
Bolan,-277.76,5.24,s,,,,,,,,,,
Bondurant,-162.73,-45.59,m,,,,,,,,,,
Bone-Norman,-185.21,427.96,s,,,,,,,,,,
Bonneau,395.97,-167.14,d,,,,,,,,,,
Boondock,590.46,21.57,d,,,,,,,,,,
Bora,38.74,-158.86,l,,,,,,,,,,
Borden,51.39,-373.37,l,,,,,,,,,,
Bordon,-63.04,-33.62,m,,,,,,,,,,
Borghese,-79.22,212.03,s,,,,,,,,,,
Bountiful Harvest,-137.18,262.9,s,,,,,,,,,,
Bowang,-314.86,-160.45,m,,,,,,,,,,
Brailsford,327.25,387.87,k,,,,,,,,,,
Braunton,129.15,238.94,k,,,,,,,,,,
Breed,195.26,40.05,d,,,,,,,,,,
Bremond,387.95,59.05,d,,,,,,,,,,
Breukelen,-88.08,142.37,s,,,,,,,,,,
Brighton,79.03,-201.78,l,,,,,,,,,,
Brihuega,354.64,393.85,k,,,,,,,,,,
Bristol,178.97,-66.44,d,,,,,,,,,,
Broaddus,464.68,56.19,d,,,,,,,,,,
Brocchi's Cluster (40),160.57,390.04,k,,,,,,,,,,
Brockton,531.58,-120.03,d,,,,,,,,,,
Brockway,218,-358.51,d,,,,,,,,,,
Broken Wheel,533.9,-174.73,d,,,,,,,,,,
Bromhead,159.62,-380.16,d,,,,,,,,,,
Brookeland,439.88,71.04,d,,,,,,,,,,
Brooloo,-266.82,286.6,s,,,,,,,,,,
Bruben,-5.68,391.25,k,,,,,,,,,,
Brundage,403.2,49.68,d,,,,,,,,,,
Brusett,245.38,-330.46,d,,,,,,,,,,
Bryant,13.16,-13.32,l,,,,,,,,,,
Bryceland,406.3,98.62,d,,,,,,,,,,
Buchlau,70,-69.29,l,,,,,,,,,,
Bucklands,-325.95,332.92,s,,,,,,,,,,
Buckminster,17.57,155.76,k,,,,,,,,,,
Budingen,382.01,163.19,k,,,,,,,,,,
Buena,-400.14,35.89,s,,,,,,,,,,
Buenos Aires,18.09,-344.43,l,,,,,,,,,,
Butler,-126.09,377.97,s,,,,,,,,,,
Butzfleth,-107.96,-376.47,m,,,,,,,,,,
Byesville,132.5,338.13,k,,,,,,,,,,
C.M.O. 26,-304.07,204.84,s,,,,,,,,,,
Cadiz,121.92,150.17,k,,,,,,,,,,
Cahokia,288.52,-73.46,d,,,,,,,,,,
Cajamarca,-243.05,-164.05,m,,,,,,,,,,
Calafell,-366.26,131.17,s,,,,,,,,,,
Caldrea,33.82,194.69,k,,,,,,,,,,
Caldwell,332.35,-327.49,d,,,,,,,,,,
Caledonia,-120.93,37.45,s,,,,,,,,,,
Callison,-62.51,-15.15,m,,,,,,,,,,
Callisto,-156.46,124.68,s,,,,,,,,,,
Calloway,-58.12,-200.98,m,,,,,,,,,,
Calpaca,-20.15,-216.36,l,,,,,,,,,,
Calseraigne,-8.28,-370.28,m,,,,,,,,,,
Cambiano,351.28,-243.71,d,,,,,,,,,,
Cameron (RW),-157.58,-198.19,m,,,,,,,,,,
Cameron (CW),-172.84,168.4,s,,,,,,,,,,
Camlann (CW),0.52,166.83,k,,,,,,,,,,
Camlann (RW),-153.75,-235.55,m,,,,,,,,,,
Cammal,111.32,-166.15,d,,,,,,,,,,
Campbelton,-168.32,-112.88,m,,,,,,,,,,
Campertown,-5.43,-160.45,l,,,,,,,,,,
Campoleone,-299.61,-293.91,m,,,,,,,,,,
Canal,-377.36,309.49,s,,,,,,,,,,
Canonbie,-121.92,67.65,s,,,,,,,,,,
Cap Rouge,-123.51,-309.89,m,,,,,,,,,,
Capac,309.95,-56.79,d,,,,,,,,,,
Capella,38.08,-173.43,l,,,,,,,,,,
Caph,12.9,-0.56,d,,,,,,,,,,
Capolla,7.99,-41.7,l,,,,,,,,,,
Capra,340.17,106.44,k,,,,,,,,,,
Capricorn III,87.55,-187.7,l,,,,,,,,,,
Carbonis,-47.54,-176.82,m,,,,,,,,,,
Caripare,146.71,293.36,k,,,,,,,,,,
Carlisle,-304.75,89.51,s,,,,,,,,,,
Carmacks,183.65,-238.51,d,,,,,,,,,,
Carmen,28.41,-266.36,l,,,,,,,,,,
Carmichael,199.4,-351.52,d,,,,,,,,,,
Carnwath,-63.04,83.01,s,,,,,,,,,,
Carse,-15.77,240.77,s,,,,,,,,,,
Carsphairn,-96.1,39.26,s,,,,,,,,,,
Carstairs,-76.98,140.28,s,,,,,,,,,,
Cartago,139.73,-10.2,d,,,,,,,,,,
Carver,-5.43,-20.86,l,,,,,,,,,,
Cascade,-222.95,-47.94,m,,,,,,,,,,
Caselton,115.37,-32.89,d,,,,,,,,,,
Casere,77.74,346.21,k,,,,,,,,,,
Cassias,317.44,80.41,d,,,,,,,,,,
Castor,-40.4,-16.8,m,,,,,,,,,,
Castrovia,13.68,-254.39,l,,,,,,,,,,
Cavalor,60.96,-390.54,l,,,,,,,,,,
Cavanaugh,-306.9,-52.93,s,,,,,,,,,,
Cebalrai,-8.28,120.23,k,,,,,,,,,,
Cerillos,-369.62,-81.78,m,,,,,,,,,,
Cerulean,412.5,-81.26,d,,,,,,,,,,
Chaffee,-95.33,83.01,s,,,,,,,,,,
Chagos,-263.46,-227.84,m,,,,,,,,,,
Chahar,-198.39,343.07,s,,,,,,,,,,
Chakachamna,299.63,-182.52,d,,,,,,,,,,
Chalouba,-277.72,-142.68,m,,,,,,,,,,
Chamdo,10.32,-153.37,l,,,,,,,,,,
Champadanga,-381.51,217.86,s,,,,,,,,,,
Chandler,47.01,208.74,k,,,,,,,,,,
Chanute,463.39,23.64,d,,,,,,,,,,
Chapineria,291.87,394.88,k,,,,,,,,,,
Chapultepec,-240.19,345.94,s,,,,,,,,,,
Chara,-29.2,6.47,s,,,,,,,,,,
Charity,314.88,265.79,k,,,,,,,,,,
Chateau,-75.68,398.28,s,,,,,,,,,,
Chatham,180.8,251.96,k,,,,,,,,,,
Chebanse,224.98,-103.66,d,,,,,,,,,,
Chenier,580.14,-41.7,d,,,,,,,,,,
Cheriton,244.61,330.84,k,,,,,,,,,,
Chertan,-74.65,-15.67,m,,,,,,,,,,
Chesterton,115.53,-71.54,d,,,,,,,,,,
Chhaprauli,-345.85,220.98,s,,,,,,,,,,
Chiavenna,-380.22,89,s,,,,,,,,,,
Chichibu,90.4,75.45,k,,,,,,,,,,
Chilung,-123.51,-248.91,m,,,,,,,,,,
Chinmen Tao,340.95,217.09,k,,,,,,,,,,
Chirala,385.37,242.59,k,,,,,,,,,,
Chirikof,335.53,-235.15,d,,,,,,,,,,
Elgin,1.53,-51.34,l,,,,,,,,,,
Cholame,202.24,-31.55,d,,,,,,,,,,
Chorley,332.68,382.4,k,,,,,,,,,,
Choudrant,335.79,56.45,d,,,,,,,,,,
Chukchi,-180.56,91.07,s,,,,,,,,,,
Chupadero,227.81,382.12,k,,,,,,,,,,
Ciampino,-331.2,168.14,s,,,,,,,,,,
Cimeron,341.9,54.44,d,,,,,,,,,,
Ciotat,-154.51,74.94,s,,,,,,,,,,
Cirebon,-146.98,-265.07,m,,,,,,,,,,
Claxton,15.49,-266.06,l,,,,,,,,,,
Claybrooke,-51.92,-371.79,m,,,,,,,,,,
Clearfield,263.46,329.8,k,,,,,,,,,,
Clermont,-209.77,355.06,s,,,,,,,,,,
Clinton,-165.79,54.37,s,,,,,,,,,,
Clipperton,-248.79,-205.98,m,,,,,,,,,,
Clovis,180.03,3.08,d,,,,,,,,,,
Cogdell,521.5,-142.48,d,,,,,,,,,,
Cohagen,371.94,-318.47,d,,,,,,,,,,
Cohay,609.58,11.41,d,,,,,,,,,,
Colchester,305.04,-13.58,d,,,,,,,,,,
Coldbrook,-421.53,127.26,s,,,,,,,,,,
Cole Harbour,-120.93,-294.52,m,,,,,,,,,,
Colfax,-232.75,-49.5,m,,,,,,,,,,
Colia,357.22,67.39,d,,,,,,,,,,
Colinas,-157.29,108.77,s,,,,,,,,,,
Colmar,-66.13,301.43,s,,,,,,,,,,
Coloma,283.17,-87.98,d,,,,,,,,,,
Colorado,344.31,-200.49,d,,,,,,,,,,
Columbine,74.89,-348.43,l,,,,,,,,,,
Conakry,-315.95,-132.6,m,,,,,,,,,,
Concord,-146.49,-28.17,m,,,,,,,,,,
Connaught,-54.24,-40.65,m,,,,,,,,,,
Conquista,-9.57,-309.29,m,,,,,,,,,,
Conroe,376.85,92.12,d,,,,,,,,,,
Constance,99.95,432.11,k,,,,,,,,,,
Conway,77.56,-71.84,d,,,,,,,,,,
Cor Caroli,-62.25,15.58,s,,,,,,,,,,
Corbeanca,-350.22,-237.52,m,,,,,,,,,,
Corella,142.05,-253.09,d,,,,,,,,,,
Corey,21.44,-137.2,l,,,,,,,,,,
Coriscana,-187.79,-109.95,m,,,,,,,,,,
Corodiz,135.59,-377.57,l,,,,,,,,,,
Corridan IV,-37.98,122.32,s,,,,,,,,,,
Corsica Nueva,193.98,228.79,k,,,,,,,,,,
Corydon,216.44,-39.09,d,,,,,,,,,,
Cosenza,325.7,162.67,k,,,,,,,,,,
Cotocallao,144.64,-301.8,d,,,,,,,,,,
Coudoux,180.54,385.52,k,,,,,,,,,,
Courcellete,141.54,-312.99,d,,,,,,,,,,
Courchevel,95.04,347.26,k,,,,,,,,,,
Coventry,-257.67,222.84,s,,,,,,,,,,
Covington,360.07,-150.77,d,,,,,,,,,,
Crevedia,-128.36,161.37,s,,,,,,,,,,
Crimond,-68.46,232.27,s,,,,,,,,,,
Crofton,522.53,-78.66,d,,,,,,,,,,
Cronulla,-33.06,-252.8,m,,,,,,,,,,
Crossing,253.13,47.6,d,,,,,,,,,,
Cruz Alta,-436.58,20.78,s,,,,,,,,,,
Csesztreg,-69.28,394.17,k,,,,,,,,,,
Csomad,426.96,-294.21,d,,,,,,,,,,
Cumberland,206.89,-266.86,d,,,,,,,,,,
Cumbres,-153.92,203.28,s,,,,,,,,,,
Curaumilla,-330.11,-120.03,m,,,,,,,,,,
Cursa,-51.41,-351.12,m,,,,,,,,,,
Cusset,-49.33,285.81,s,,,,,,,,,,
Cylene,105.89,25.22,k,,,,,,,,,,
Cyrenaica,156.44,275.9,k,,,,,,,,,,
Czarvowo,-317.24,61.92,s,,,,,,,,,,
Dabih,59.93,84.57,k,,,,,,,,,,
Dahar IV,279.21,20.26,d,,,,,,,,,,
Dalcour,-384.59,-100.27,m,,,,,,,,,,
Dalkeith,-26.38,158.85,s,,,,,,,,,,
Dalton,-115.69,-231.54,m,,,,,,,,,,
Damevang,345.34,64.78,d,,,,,,,,,,
Damian,72.84,462.57,k,,,,,,,,,,
Danais,-147.98,-40.65,m,,,,,,,,,,
Daneshmand,-72.07,-182.32,m,,,,,,,,,,
Daniels,124.5,-197.89,d,,,,,,,,,,
Danxian,-347.14,17.4,s,,,,,,,,,,
Dar-es-Salaam,-194.72,13.49,s,,,,,,,,,,
Darius,65.08,206.15,k,,,,,,,,,,
Darwendale,311.5,-264.77,d,,,,,,,,,,
David,139.98,19.37,d,,,,,,,,,,
Davisville,480.95,-27.64,d,,,,,,,,,,
Dawn,29.18,377.97,k,,,,,,,,,,
Dayr Khuna,-113.7,-197.89,m,,,,,,,,,,
De Berry,446.33,62.95,d,,,,,,,,,,
Decatur,54.11,-338.66,l,,,,,,,,,,
Decus,44.42,-253.39,l,,,,,,,,,,
Defiance,424.64,-107.36,d,,,,,,,,,,
Dehgolan,5.43,200.42,k,,,,,,,,,,
Deia,-175.9,305.86,s,,,,,,,,,,
Delacambre,539.31,4.91,d,,,,,,,,,,
Delacruz,372.2,113.99,k,,,,,,,,,,
Delavan,269.66,-95.84,d,,,,,,,,,,
Delitzsch,326.22,147.82,k,,,,,,,,,,
Dell,-61.22,333.19,s,,,,,,,,,,
Delos IV,612.95,60.36,d,,,,,,,,,,
Delphos,319.52,-52.37,d,,,,,,,,,,
Demeter,91.43,-70.08,d,,,,,,,,,,
Denbar,68.95,-236.92,l,,,,,,,,,,
Deneb Algedi,41.07,26.25,k,,,,,,,,,,
Deneb Kaitos,64.57,-13.06,d,,,,,,,,,,
Denebola,-37.82,-1.63,s,,,,,,,,,,
Denizli,-112.91,349.86,s,,,,,,,,,,
Derf,-130.74,397.49,s,,,,,,,,,,
Des Arc,496.2,-84.13,d,,,,,,,,,,
Deschenes,-87.05,-299.71,m,,,,,,,,,,
Deshler,214.9,74.94,k,,,,,,,,,,
Devil's Rock,-36.17,-15.41,m,,,,,,,,,,
Devin,-110.53,336.32,s,,,,,,,,,,
DeWitt,257.53,-21.91,d,,,,,,,,,,
Diamantina,-314.66,-100.27,m,,,,,,,,,,
Diass,-171.25,-258.79,m,,,,,,,,,,
Diboll,475,67.65,d,,,,,,,,,,
Dickinson,-146.49,-113.54,m,,,,,,,,,,
Dicon,20.13,-327.57,l,,,,,,,,,,
Die Moot,284.12,-304.9,d,,,,,,,,,,
Diefenbaker,198.1,-343.93,d,,,,,,,,,,
Dieron,12.19,15.02,k,,,,,,,,,,
Dieudonne,-75.16,-26.08,m,,,,,,,,,,
Diosd,-2.33,232.18,k,,,,,,,,,,
Dixie,-253.65,-21.39,s,,,,,,,,,,
Dnepropetrovsk,299.11,169.96,k,,,,,,,,,,
Dobson,204.04,26.51,d,,,,,,,,,,
Domain,-32.81,249.88,s,,,,,,,,,,
Dompaire,-74.65,302.21,s,,,,,,,,,,
Donegal,-182.25,160.42,s,,,,,,,,,,
Donenac,200.18,89.51,k,,,,,,,,,,
Doneval,198.63,8.81,d,,,,,,,,,,
Dothan,433.42,-135.21,d,,,,,,,,,,
Dover,132.5,202.75,k,,,,,,,,,,
Drienfontein,270.95,-292.42,d,,,,,,,,,,
Dromini,-20.92,66.6,k,,,,,,,,,,
Drosendorf,-258.8,41.61,s,,,,,,,,,,
Drozan,31.25,-372.59,l,,,,,,,,,,
Drusibacken,-123.21,-124.53,m,,,,,,,,,,
Dubhe,-70.53,-16.18,m,,,,,,,,,,
Dukambia,-181.85,215.26,s,,,,,,,,,,
Dumaring,79.56,224.89,k,,,,,,,,,,
Duran,-262.95,145.75,s,,,,,,,,,,
Dustball,-104.39,268.1,s,,,,,,,,,,
Dyev,5.68,41.1,k,,,,,,,,,,
Dyfed,126.04,215.26,k,,,,,,,,,,
Eaglesham,-33.32,135.59,s,,,,,,,,,,
Eaton,-80.85,113.47,s,,,,,,,,,,
Ebensburg,237.11,303.51,k,,,,,,,,,,
Ebro,563.34,-130.51,d,,,,,,,,,,
Echo,287.23,372.24,k,,,,,,,,,,
Edasich,-96.36,121.53,s,,,,,,,,,,
Edmondson,-338.43,-103.66,m,,,,,,,,,,
Edwards,131.99,-32.59,d,,,,,,,,,,
Egress,67.93,-372.87,l,,,,,,,,,,
Eguilles,37.19,234.79,k,,,,,,,,,,
Eidsfoss,-153.42,59.31,s,,,,,,,,,,
Eilenburg,-220.08,19.49,s,,,,,,,,,,
El Dorado,266.29,-146.09,d,,,,,,,,,,
El Giza,-68.81,-275.96,m,,,,,,,,,,
Elbar,126.56,-8.11,d,,,,,,,,,,
Elektrougli,-113.11,-185.41,m,,,,,,,,,,
Eleusis,-166.4,-344.43,m,,,,,,,,,,
Elidere,279.74,76.5,d,,,,,,,,,,
Ellengurg,-297.32,261.34,s,,,,,,,,,,
Ellijay,-333.78,7.76,s,,,,,,,,,,
Ellsworth,-210.27,-241.42,m,,,,,,,,,,
Elnath,18.59,-128.12,l,,,,,,,,,,
Eltanin,-1.92,100.07,k,,,,,,,,,,
Elume,-372.2,333.45,s,,,,,,,,,,
Emerson,171.44,-116.39,d,,,,,,,,,,
Emporia,256.48,-6.54,d,,,,,,,,,,
Emris,-88.87,-150.47,m,,,,,,,,,,
Enchi,294.2,-289.83,d,,,,,,,,,,
Ender's Cluster,-446.88,69.72,s,,,,,,,,,,
Engadin,19.88,338.92,k,,,,,,,,,,
Engadine,-351.01,357.41,s,,,,,,,,,,
Enif,428.78,290.75,k,,,,,,,,,,
Enkoping,-136.68,104.35,s,,,,,,,,,,
Enzesfled,-380.22,129.87,s,,,,,,,,,,
Eom,-18.03,-193.15,l,,,,,,,,,,
Epsilon,-315.95,-59.91,m,,,,,,,,,,
Epsilon Eridani,18.34,-21.39,l,,,,,,,,,,
Epsilon Indi,29.18,-15.67,l,,,,,,,,,,
Eromanga,-283.66,-119.33,m,,,,,,,,,,
Errai,52.47,3.51,d,,,,,,,,,,
Escobas,-216.7,-127.32,m,,,,,,,,,,
Espakeh,301.69,344.13,k,,,,,,,,,,
Esteros,-157.53,270.52,s,,,,,,,,,,
Estuan,396.21,-308.91,d,,,,,,,,,,
Esztergom,-237.03,-97.62,m,,,,,,,,,,
Etiler,-377.94,200.42,s,,,,,,,,,,
Euclid,349.22,-71.11,d,,,,,,,,,,
Eustatius,457.7,-199.99,d,,,,,,,,,,
Eutin,-222.66,151.22,s,,,,,,,,,,
Evansville,293.43,-36.49,d,,,,,,,,,,
Evciler,-95.05,359.23,s,,,,,,,,,,
Ewanrigg,-330.6,289.46,s,,,,,,,,,,
Exedor,-13.17,-209.37,l,,,,,,,,,,
Exeter,188.29,-8.11,d,,,,,,,,,,
Fadiffolu,-243.35,-244.51,m,,,,,,,,,,
Fagerholm,-81.88,-365.58,m,,,,,,,,,,
Fairfax,353.08,31.46,d,,,,,,,,,,
Fairfield,288.74,46.04,d,,,,,,,,,,
Faleolo,-188.09,-201.78,m,,,,,,,,,,
Fallon,367.56,48.9,d,,,,,,,,,,
Falsterbo,170.74,148.61,k,,,,,,,,,,
Farnsworth,561.02,31.72,d,,,,,,,,,,
Farwell,140.52,-80.23,d,,,,,,,,,,
Fatima,-31.26,176.98,s,,,,,,,,,,
Fellanin,131.99,33.02,k,,,,,,,,,,
Feltre,-20.15,364.7,k,,,,,,,,,,
Ferihegy,-389.83,162.67,s,,,,,,,,,,
Ferleiten,25.32,356.36,k,,,,,,,,,,
Fetsund,446.33,-242.71,d,,,,,,,,,,
Fianna,-141.34,20.78,s,,,,,,,,,,
Fieferana,-172.84,-270.76,m,,,,,,,,,,
Filtvelt,506.35,-182.76,d,,,,,,,,,,
Fincastle,322.87,-164.35,d,,,,,,,,,,
Finsterwalde,-289.6,17.93,s,,,,,,,,,,
Firenze,-401.41,135.34,s,,,,,,,,,,
Firgrove,249.77,-301,d,,,,,,,,,,
Fletcher (SW),46.74,-23.73,l,,,,,,,,,,
Fletcher (ASW),-67.68,-211.46,m,,,,,,,,,,
Flintoft,191.38,-335.64,d,,,,,,,,,,
Florida,-426.47,74.42,s,,,,,,,,,,
Flushing,195.26,-65.13,d,,,,,,,,,,
Fomalhaut,20.91,5.43,d,,,,,,,,,,
Foochow,88.85,-98.19,l,,,,,,,,,,
Foot Fall,94.53,-110.65,l,,,,,,,,,,
Ford,-191.16,-29.71,s,,,,,,,,,,
Forkas,-211.06,161.11,s,,,,,,,,,,
Fort Loudon,-32.29,210.57,s,,,,,,,,,,
Fortymile,193.46,-215.86,d,,,,,,,,,,
Franklin,250.55,10.88,d,,,,,,,,,,
Frazer,129.15,-335.84,d,,,,,,,,,,
Freedom,-64.22,108.52,s,,,,,,,,,,
Freisland,234.79,-119.53,d,,,,,,,,,,
Frondas,-17.83,-249.49,l,,,,,,,,,,
Fronde,-5.94,-253.39,l,,,,,,,,,,
Fuentes,-72.84,-146.38,m,,,,,,,,,,
Fujidera,-76.73,-227.04,m,,,,,,,,,,
Fukuroi,110.55,135.08,k,,,,,,,,,,
Furillo,-137.18,78.84,s,,,,,,,,,,
Furud,-25.32,-286.14,m,,,,,,,,,,
Futuna,-209.48,-192.2,m,,,,,,,,,,
Fuveau,440.13,-234.33,d,,,,,,,,,,
Gacrux,-86.43,10.8,s,,,,,,,,,,
Galatea,-53.74,34.32,s,,,,,,,,,,
Galatia,90.66,14.81,d,,,,,,,,,,
Galax,283.42,-125.43,d,,,,,,,,,,
Galedon,331.8,175.12,k,,,,,,,,,,
Galisteo,-355.66,-72.42,m,,,,,,,,,,
Gallatin,-160.65,-75.02,m,,,,,,,,,,
Gallery,-198.09,109.05,s,,,,,,,,,,
Gallitzin,131.47,-164.55,d,,,,,,,,,,
Galtor,193.98,73.63,d,,,,,,,,,,
Galuzzo,-15.51,252.74,k,,,,,,,,,,
Gambarare,356.96,-271.86,d,,,,,,,,,,
Gambier,381.49,-60.44,d,,,,,,,,,,
Gan Singh,41.58,-80.23,l,,,,,,,,,,
Gandy's Luck,250.02,93.68,k,,,,,,,,,,
Gannett,-165.31,-60.96,m,,,,,,,,,,
Ganshoren,-43.4,159.28,s,,,,,,,,,,
Garstedt,126.04,384.73,k,,,,,,,,,,
Gatchina,-270.69,-297.31,m,,,,,,,,,,
Gatineau,-242.26,299.08,s,,,,,,,,,,
Geifer,37.5,-187.59,l,,,,,,,,,,
Gei-Fu,57.59,-200.49,l,,,,,,,,,,
Genoa,38.99,-60.17,l,,,,,,,,,,
Ghaziabad,-307.43,-239.31,m,,,,,,,,,,
Giausar,-207.69,-26.59,s,,,,,,,,,,
Gibbs,-200.96,159.02,s,,,,,,,,,,
Gibraltar,-359.33,-140.89,m,,,,,,,,,,
Gibson,-245.63,-216.66,m,,,,,,,,,,
Gienah,-182.94,-13.06,s,,,,,,,,,,
Gillingham,500.32,-212.96,d,,,,,,,,,,
Ginestra,-110.53,164.49,s,,,,,,,,,,
Gladius,-95.84,72.33,s,,,,,,,,,,
Glasgow,28.41,-217.16,l,,,,,,,,,,
Glengarry,-76.73,77.54,s,,,,,,,,,,
Glenmora,285.15,53.33,d,,,,,,,,,,
Glentworth,125.79,-319.98,d,,,,,,,,,,
Glevakha,-206.61,-305.9,m,,,,,,,,,,
Goat Path,-154.21,356.09,s,,,,,,,,,,
Goderich,144.39,-49.76,d,,,,,,,,,,
Goetville,-261.18,265.76,s,,,,,,,,,,
Goito,44.68,335.27,k,,,,,,,,,,
Golandrinas,-159.37,403.22,s,,,,,,,,,,
Gomeisa,-49.33,-127.92,m,,,,,,,,,,
Goodna,-28.42,-241.9,m,,,,,,,,,,
Goshen,134.58,-95.33,l,,,,,,,,,,
Goth Khakar,-332.19,-246.3,m,,,,,,,,,,
Goubellat,351.02,166.31,k,,,,,,,,,,
Gouderak,-116.78,-357.21,m,,,,,,,,,,
Graceland,-100.54,247.8,s,,,,,,,,,,
Graham,-23.51,-10.45,m,,,,,,,,,,
Gram,54.24,145.49,k,,,,,,,,,,
Grand Base,45.97,-301,l,,,,,,,,,,
Granera,-98.16,-332.75,m,,,,,,,,,,
Graus,-100.54,299.34,s,,,,,,,,,,
Gravenhage,304.53,428.99,k,,,,,,,,,,
Great Gorge,492.3,-268.77,d,,,,,,,,,,
Great X,-184.22,289.98,s,,,,,,,,,,
Greeley,448.91,40.57,d,,,,,,,,,,
Greenlaw,-227.31,160.58,s,,,,,,,,,,
Griffith,-333.48,-77.11,m,,,,,,,,,,
Gronholt,465.71,-262.97,d,,,,,,,,,,
Grosvenor,285.67,-226.24,d,,,,,,,,,,
Groveld,386.66,114.24,d,,,,,,,,,,
Grumium,-4.91,188.19,k,,,,,,,,,,
Grunwald,-97.39,204.59,s,,,,,,,,,,
Guangzho,-109.75,-287.43,m,,,,,,,,,,
Guatavita,-286.24,239.73,s,,,,,,,,,,
Gulkana,353.34,-179.13,d,,,,,,,,,,
Gunthar,39.25,-385.86,l,,,,,,,,,,
Gunzburg,12.4,292.32,k,,,,,,,,,,
Gurnet,93.41,-232.74,d,,,,,,,,,,
Gurrnazovo,423.09,-242.41,d,,,,,,,,,,
Gypsum,-281.28,26.25,s,,,,,,,,,,
Haappajarvi,137.14,-242.41,d,,,,,,,,,,
Hachiman,252.6,153.29,k,,,,,,,,,,
Hadnall,136.63,-264.57,d,,,,,,,,,,
Hagiwawa,123.47,112.95,k,,,,,,,,,,
Hahira,549.65,-101.36,d,,,,,,,,,,
Hainfeld,-13.43,270.44,k,,,,,,,,,,
Halesowen,36.42,253.53,k,,,,,,,,,,
Halfway,-252.36,86.65,s,,,,,,,,,,
Halifax,-440.63,129.87,s,,,,,,,,,,
Hall,-13.95,-44.56,l,,,,,,,,,,
Halloran,72.84,-77.11,d,,,,,,,,,,
Halmyre Deans,-125.79,98.88,s,,,,,,,,,,
Halstead Station,78,44.22,k,,,,,,,,,,
Hamal,64.83,-43.78,l,,,,,,,,,,
Hamilton (RW),-35.66,-81.88,m,,,,,,,,,,
Hamilton (CW),-150.64,223.59,s,,,,,,,,,,
Hammer,-369.62,-143.79,m,,,,,,,,,,
Handa,274.57,141.59,k,,,,,,,,,,
Hanover,167.11,366.77,k,,,,,,,,,,
Harloc,41.84,-226.04,l,,,,,,,,,,
Harmony,-141.54,-171.84,m,,,,,,,,,,
Harpster,213.09,83.01,k,,,,,,,,,,
Harrow's Sun,261.65,71.56,d,,,,,,,,,,
Harsefeld,-17.83,-142.98,m,,,,,,,,,,
Hartshill,323.38,410.51,k,,,,,,,,,,
Harvest,-61.99,377.97,k,,,,,,,,,,
Hassad,-29.97,-161.76,m,,,,,,,,,,
Hassi R'mel,288.52,280.85,k,,,,,,,,,,
Havdhem,183.14,186.87,k,,,,,,,,,,
Haynesville,454.85,80.15,d,,,,,,,,,,
Hazeldean,-408.95,-166.64,m,,,,,,,,,,
Hazelhurst,549.65,65.83,d,,,,,,,,,,
Hean,74.63,-14.62,d,,,,,,,,,,
Hecheng,332.08,-268.14,d,,,,,,,,,,
Hednesford,-365.66,-230.48,m,,,,,,,,,,
Heiligendreuz,3.35,279.82,k,,,,,,,,,,
Helen,57.41,10.11,d,,,,,,,,,,
Heligoland,86,-146.09,l,,,,,,,,,,
Hellos Minor,-185.34,-182.25,m,,,,,,,,,,
Helm,-133.52,-58.61,m,,,,,,,,,,
Helsingfors,143.6,153.81,k,,,,,,,,,,
Hephzibah,457.19,-168.74,d,,,,,,,,,,
Here,-150.06,448.01,s,,,,,,,,,,
Hermagor,23.76,391.76,k,,,,,,,,,,
Herndon,225.24,334.75,k,,,,,,,,,,
Herzberg,-309.24,21.41,s,,,,,,,,,,
Hesperus,-123.51,47.07,s,,,,,,,,,,
Hexare,30.99,-234.83,l,,,,,,,,,,
Hickok,431.87,-5,d,,,,,,,,,,
Highspire,100.21,-120.03,l,,,,,,,,,,
Hillerod,-439.75,-59.97,s,,,,,,,,,,
Hinckley,-452.03,99.41,s,,,,,,,,,,
Hindmarsh,-195.32,-273.65,m,,,,,,,,,,
Hiratsuka,-258.3,-255.19,m,,,,,,,,,,
Hivrannee,255.39,-244.07,d,,,,,,,,,,
Hobbs,255.19,-245.8,d,,,,,,,,,,
Hobson,484.92,-131.9,d,,,,,,,,,,
Hoff,263.97,36.92,d,,,,,,,,,,
Hohenems,-18.34,350.89,k,,,,,,,,,,
Hollabrunn,-208.2,33.54,s,,,,,,,,,,
Holloway,64.83,-303.61,l,,,,,,,,,,
Holmsbu,57.62,445.07,k,,,,,,,,,,
Holt,-49.33,-103.66,m,,,,,,,,,,
Homam,146.19,52.28,k,,,,,,,,,,
Home,-278.41,-165.15,m,,,,,,,,,,
Homestead,57.85,-285.64,l,,,,,,,,,,
Hongor,389.77,316.53,k,,,,,,,,,,
Hongqiao,-227.01,-234.33,m,,,,,,,,,,
Hood,-268.9,371.97,s,,,,,,,,,,
Hoonaar,460.28,-266.86,d,,,,,,,,,,
Horneburg,-225.22,168.14,s,,,,,,,,,,
Horsham,155.23,-357.51,d,,,,,,,,,,
Hortense,487.66,-145.59,d,,,,,,,,,,
Hot Springs,-170.46,370.42,s,,,,,,,,,,
Housekarle,33.31,-278.85,l,,,,,,,,,,
Howick,-343.58,318.1,s,,,,,,,,,,
Howrah,-219.58,-281.24,m,,,,,,,,,,
Hoyleton,505.75,-52.11,d,,,,,,,,,,
Hsien,5.68,-54.72,l,,,,,,,,,,
Huaide,376.6,288.67,k,,,,,,,,,,
Huan,304.53,98.88,k,,,,,,,,,,
Hudeiba,-78.53,-287.43,m,,,,,,,,,,
Humansville,552.49,-32.58,d,,,,,,,,,,
Hun Ho,250.02,137.67,k,,,,,,,,,,
Hunan,71.16,-96.63,l,,,,,,,,,,
Huntington,-395.18,-188,m,,,,,,,,,,
Hurik,77.74,-399.14,l,,,,,,,,,,
Huron,314.86,-72.42,d,,,,,,,,,,
Hustaing,55.02,-247.4,l,,,,,,,,,,
Hyalite,268.63,-356.71,d,,,,,,,,,,
Hyde,-162.23,2.56,s,,,,,,,,,,
Hyner,204.04,330.33,k,,,,,,,,,,
Hyperion,-19.37,279.05,k,,,,,,,,,,
Ibarra,-252.86,-183.31,m,,,,,,,,,,
Ibstock,-20.96,-102.63,m,,,,,,,,,,
Icar,-83.44,416.76,s,,,,,,,,,,
Ideyld,-201.26,-98.19,m,,,,,,,,,,
Idlewind,123.47,432.11,k,,,,,,,,,,
Igualada,290.06,115.03,k,,,,,,,,,,
Iijima,211.02,197.56,k,,,,,,,,,,
Ikast,101.24,-286.14,d,,,,,,,,,,
Iknogoro,-50.12,-250.2,m,,,,,,,,,,
Ilzra,-397.56,2.31,s,,,,,,,,,,
Imalda,29.96,-241.9,l,,,,,,,,,,
Imbrial,293.94,-49.76,d,,,,,,,,,,
Imbros,-2.08,34.32,k,,,,,,,,,,
Immenstadt,82.12,-279.95,d,,,,,,,,,,
Inarcs,-294.95,339.95,s,,,,,,,,,,
Inchicore,-362.11,7.5,s,,,,,,,,,,
Incukalns,-200.96,214.48,s,,,,,,,,,,
Indicass,72.32,-250.8,l,,,,,,,,,,
Ingenstrem,316.93,-227.04,d,,,,,,,,,,
Ingersoll,-5.17,-173.43,l,,,,,,,,,,
Ingonish,-88.08,-346.53,m,,,,,,,,,,
Ingress,49.59,-18.79,l,hg,,,,,,,,,
Inman,555.59,7.25,d,hg,,,,,,,,,
Inner End,586.85,75.71,d,hg,,,,,,,,,
Ionus,-183.44,-153.87,m,hk,,,,,,,,,
Ipava,258.8,-106.55,d,hg,,,,,,,,,
Ipswich,-48.3,-234.63,m,hg,,,,,,,,,
Irece,179.24,296.09,k,hf,,,,,,,,,
Irian,-46.5,-56.79,m,hg,,,,,,,,,
Irurzun,186.92,98.22,k,hg,,,,,,,,,
Isabela,-270.69,-244.21,m,hg,,,,,,,,,
Isesaki,276.89,195.21,k,hm,,,,,,,,,
Islamabad,321.32,-255.98,d,hg,,,,,,,,,
Issaba,-406.08,267.32,s,hg,,,,,,,,,
Itabaiana,127.07,309.75,k,hg,,,,,,,,,
Ito,7.47,-277.55,l,hg,,,,,,,,,
Izar,-59.94,98.11,s,hk,,,,,,,,,
Jaboatao,480.95,-213.57,d,hg,,,,,,,,,
Jabuka,-28.42,220.98,k,hg,,,,,,,,,
Jacomarle,12.9,-385.36,l,hg,,,,,,,,,
Jacson,110.55,-348.92,l,hg,,,,,,,,,
Jaipur,175.37,-282.24,d,hf,,,,,,,,,
Jarett,102.1,418.08,k,hg,,,,,,,,,
Jasmine,-31,-203.58,l,hg,,,,,,,,,
Jatznik,-301.98,192.87,s,hg,,,,,,,,,
Jaumegarde,-140.55,98.88,s,hg,,,,,,,,,
Jeanette,221.87,369.89,k,hg,,,,,,,,,
Jerangle,-317.93,357.92,s,hg,,,,,,,,,
Jeronimo,182.88,343.07,k,hg,,,,,,,,,
Jesenice,-266.65,349.9,s,hg,,,,,,,,,
Jesup,500.06,-122.42,d,hg,,,,,,,,,
Jezersko,88.07,372.5,k,hg,,,,,,,,,
Jiddah,-279.21,-237.72,m,hg,,,,,,,,,
Neukirchen,406.04,-248.91,d,hg,,,,,,,,,
Johnsondale,160.65,-23.21,d,hg,,,,,,,,,
Jonathan,100.47,-93.77,l,hg,,,,,,,,,
Jonzac,115.2,-299.71,d,hg,,,,,,,,,
Jouques,-110.53,-213.26,m,hg,,,,,,,,,
Juazeiro,162.46,303.77,k,hg,,,,,,,,,
Jubka,-338.43,-211.96,m,hg,,,,,,,,,
Junction,134.84,79.36,k,hg,,,,,,,,,
June,405.52,-266.06,d,hg,,,,,,,,,
Junior,399.32,1,d,hg,,,,,,,,,
Kabah,206.89,372.24,k,hg,,,,,,,,,
Kaesong,59.66,298.83,k,hg,,,,,,,,,
Kafr Silim,118.55,-290.02,d,hg,,,,,,,,,
Kagoshima,200.95,256.65,k,hf,,,,,,,,,
Kaguyak,297.04,-237.72,d,hg,,,,,,,,,
Kaifeng,71.8,-153.37,l,hg,,,,,,,,,
Kaitangata,231.44,-281.74,d,hg,,,,,,,,,
Kaiyuh,362.13,-219.25,d,hg,,,,,,,,,
Kajikazawa,88.32,143.67,k,hg,,,,,,,,,
Kakada,-290.11,-125.51,m,hg,,,,,,,,,
Kalidasa,-105.68,-23.21,m,hg,,,,,,,,,
Kamarod,346.11,362.88,k,hg,,,,,,,,,
Kamenz,-310.91,-4.38,s,hg,,,,,,,,,
Kanata,-96.1,-310.1,m,hx,x,,,,,,,,
Kandersteg,-120.64,229.58,s,hx,x,,,,,,,,
Kandis,-6.46,324.34,k,hx,x,,,,,,,,
Kanowit,87.14,243.26,k,hx,x,,,,,,,,
Kansu,67.68,-60.17,l,hm,9,,,,,,,,
Karachi,-292.18,-245.01,m,hf,x,,,,,,,,
Karakiraz,-305.05,-200.78,m,hx,x,,,,,,,,
Karbala,-23.77,198.07,s,hx,x,,,,,,,,
Karkkila,-433.42,91.33,s,hx,x,,,,,,,,
Karston,-10.34,279.05,k,hx,x,,,,,,,,
Kasdach,20.91,-315.28,l,hx,x,,,,,,,,
Kashilla,-1.55,-202.58,l,hm,x,,,,,,,,
Kathil,171.22,-149.66,d,hf,x,1,asb,,,,,,
Katlehong,-217.5,-253.89,m,hx,x,x,x,,,,,,
Kaumberg,-387.55,145.49,s,hg,x,1.01,asb,,oceanic,,,flag,
Kaus Australis,5.68,84.04,k,hb,3,0.61,atb,,desert,,,,
Kaus Borealis,11.37,97.06,k,hk,10,0.87,ast,,desert,,,flag,
Kaus Media,7.73,80.66,k,hk,5,1.19,asb,,standard,,,,
Kawabe,240.47,136.64,k,hx,x,x,x,,x,,,,
Kawich,53.73,-29.71,d,hm,6,1.1,asb,,standard,,,,
Kazanka,444.27,231.39,k,hx,x,x,x,,x,,,,
Kaznejov,329.23,133.53,k,hf,x,0.99,asb,,savannah,,,,
Kearny,-127.07,-276.54,m,hx,x,x,x,,x,,,,
Keeling,-173.63,-218.95,m,hx,x,x,x,,x,,,,
Keid,3.09,-10.2,l,hg,8,0.94,asb,,argrarian,,,flag,
Keihoku,307.47,213.59,k,hx,x,x,x,,x,,,,
Kelang,-356.95,202.24,s,hx,x,x,x,,x,,,,
Kelenfold,-57.35,199.63,s,hf,x,0.8,atb,,standard,,,flag,
Kempten,45.19,310.28,k,hx,x,x,x,,x,,,,
Kendall,-369.92,-202.28,m,hf,x,0.75,atb,,argrarian,,,flag,
Kennard,468.29,89,d,hx,x,x,x,,x,,,,
Kentares,149.28,-13.32,d,hf,x,1,asb,,oceanic,,,flag,
Kentwood,626.88,-20.35,d,hx,x,x,x,,x,,,,
Kervil,34.1,46.3,k,hk,3,1.26,asb,,oceanic,,,,
Kesai IV,369.88,106.44,d,ha,x,x,x,,desert,,,flag,
Kessel,-13.13,84.32,k,hg,9,1.21,ast,81%,oceanic,jungle,,flag,
Kestrel,268.11,-47.16,d,hg,x,1.05,asb,64%,standard,argrarian,,flag,
Kettering,446.33,-98.19,d,hx,x,x,x,x,x,x,,x,
Keuterville,275.57,-313.9,d,hx,x,x,x,x,x,x,,x,
Keystone,-125,-106.25,m,hf,x,1.1,att,35%,standard,mountain,,flag,
Keytesville,374.78,-31.03,d,hx,x,x,x,x,x,x,,x,
Khartoum,-328.53,275.91,s,hx,x,x,x,x,x,x,,x,
Khon Kaen,-384.09,-46.64,s,hx,x,x,x,x,x,x,,x,
Kiamba,71.03,241.55,k,hx,x,x,x,x,x,x,,x,
Kiesen,50.88,217.86,k,hx,x,x,x,x,x,x,,x,
Kigamboni,206.12,-250.2,d,hx,x,x,x,x,x,x,,x,
Kikuyu,-203.54,369.11,s,hg,x,1,asb,50%,standard,desert,,x,
Kilarney,-313.37,-117.24,m,hx,x,x,x,x,x,x,,x,
Kilbourne,571.35,43.96,d,hk,x,0.94,asb,60%,standard,terran,,x,
Killarney,401.9,-205.17,d,hx,x,x,x,x,x,x,,x,
Kilmarnock,172.54,264.97,k,hx,x,x,x,x,x,x,,x,
Kimball,-35.66,100.45,k,hg,7,1.1,asb,74%,standard,savannah,,x,
Kirbyville,506.78,51.51,d,hx,x,x,x,x,x,x,,x,
Kirchbach,-39.01,385.52,k,hf,x,1.04,atb,31%,standard,savannah,,flag,
Kirei Na Niwa,297.55,148.35,k,hf,x,1,asb,65%,standard,argrarian,,x,
Kirkcaldy,-96.36,128.05,s,hx,x,x,x,x,x,x,,x,
Kirkenlaard,-159.87,-122.62,m,hx,x,x,x,x,x,x,,x,
Kirklin,278.18,-67.99,d,hk,x,0.75,atb,40%,standard,x,,flag,
Kiserian,285.67,-281.24,d,hx,x,x,x,x,x,x,,x,
Kitalpha,112.87,97.59,k,hx,x,x,x,x,x,x,,x,
Kittery,82.12,-225.54,d,hg,x,0.88,asb,67%,tropical,jungle,11,flag,
Kitzingen,-222.95,47.34,s,hx,x,x,x,x,x,x,x,x,
Kiyev,-88.08,-172.94,m,hx,x,x,x,x,x,x,x,x,
Kladnitsa,-413.8,129.61,s,hx,x,x,x,x,x,x,x,x,
Klathandu IV,175.12,31.72,k,hx,x,x,x,x,arid,marginal,x,x,
Kluane,196.04,-200.78,d,hx,x,x,x,x,x,x,x,x,
Ko,-18.09,44.22,k,hg,3,1.03,asb,82%,tropical,marginal,x,x,
Kobe,-14.99,283.46,s,hg,x,x,x,x,frozen,marginal,x,flag,
Kochab,-68.19,62.95,s,hk,8,0.92,asb,87%,arid,marginal,x,x,
Kockengen,-111.62,151.47,s,hx,x,x,x,x,x,x,x,x,
Kogl,-354.67,-177.82,m,hx,x,x,x,x,x,x,x,x,
Kokpekty,412.5,304.55,k,hx,x,x,x,x,x,x,x,x,
Kolovraty,-240.97,374.85,s,hx,x,x,x,x,x,x,x,x,
Komephoros,-34.11,92.63,k,hf,6,1.03,asb,70%,subarctic,marginal,s,x,
Koniz,-92.48,261.59,s,hx,x,x,x,x,x,x,x,x,
Konstance,-20.15,97.06,k,hk,11,0.64,ast,74%,arid,marginal,x,x,
Kooken's Pleasure Pit,-165.11,348.29,s,hg,x4,1,asb,43%,arid,terran,10,flag,
Koping Chian,181.06,117.11,k,hx,x,x,x,x,x,x,x,x,
Korramabad,372.46,367.03,k,hx,x,x,x,x,arid,mountains,x,x,
Kosciusko,-302.48,-91.68,m,hx,x,x,x,x,x,x,x,x,
Kostinbrod,-374.58,159.02,s,hx,x,x,x,x,x,x,x,x,
Kotzebue,316.41,-207.28,d,hx,x,x,x,x,x,x,x,x,
Koulen,371.43,230.88,k,hx,x,x,x,x,x,x,x,x,
Koumi,199.15,172.04,k,hx,x,x,x,x,x,x,x,x,
Kountze,524.08,27.29,d,hx,x,x,x,x,tropical,x,x,x,
Kowloon,-292.38,369.64,s,hx,x,x,x,x,x,x,x,x,
Krenice,56.82,231.92,k,hx,x,x,x,x,x,rough,x,x,
Krievci,-225.22,228.79,s,hx,x,x,x,x,x,x,x,x,
Krin,-7.75,-222.84,l,hk,x,1.07,asb,52%,temperate,x,12,x,
Krung Thep,-369.34,237.12,s,hx,x,x,x,x,x,x,x,x,
Kufstein,-11.11,343.86,k,hx,x,x,x,x,x,x,x,x,
Kujari,-25.83,-266.96,m,hx,x,x,x,x,x,x,x,x,
Kumqwat,155.58,-267.47,d,hx,x,x,x,x,x,x,x,x,
Kurhah,104.09,57.24,k,hx,x,x,x,x,x,x,x,x,
Kurragin,3.35,-204.67,l,hx,x,x,x,x,x,x,x,x,
Kurvasa,39.51,-354.11,l,hx,x,x,x,x,x,x,x,x,
Kutludugun,-331.2,-191.9,m,hx,x,x,x,x,x,x,x,x,
Kuzuu,22.98,67.13,k,hk,8,1.19,asb,63%,temperate,argrarian,x,x,
Kvistgard,-332.19,153.04,s,hx,x,x,x,x,x,x,x,x,
Kwamashu,-72.07,-261.98,m,hx,x,x,x,x,x,x,x,x,
Kwangchowwang,-253.16,335.79,s,hx,x,x,x,x,x,x,x,x,
Kwangjong-ni,-398.81,283.89,s,hg,x,0.88,asb,63%,temperate,oceanic,8,x,
Kyeinnisan,-100.73,-151.58,m,hx,x,x,x,x,x,x,x,x,
Kyrkbacken,3.41,-94.97,m,hx,x,x,x,x,x,x,x,x,
La Blon,-31.78,73.37,s,hg,7,1.04,asb,96%,tropical,oceanic,x,x,
La Grave,-51.15,248.84,s,hx,x,x,x,x,x,x,x,x,
Labouchere,-253.16,-75.02,m,hx,x,x,x,x,x,x,x,x,
Labrea,138.7,327.72,k,hx,x,x,x,x,x,x,x,x,
Lackland,546.07,-175.03,d,hg,x,1.05,asb,91%,tropical,oceanic,5,flag,
Lahti,-392.11,-224.75,m,hx,x,x,x,x,x,x,x,x,
Laiaka,-100.54,54.63,s,hm,8,0.98,ast,88%,tropical,oceanic,x,x,
Lambrecht,13.43,58.01,k,hg,9,1.03,ast,82%,tropical,rough,x,x,
Lamon,-132.23,33.54,s,hx,x,x,x,x,x,x,x,x,
Lancaster (RW),-115.69,-88.81,m,hx,x,x,x,x,x,x,x,x,
Lancaster (CW),-268.11,111.12,s,hx,x,x,x,x,x,x,x,x,
Landfall,-403,-203.08,m,hx,x,x,x,x,x,x,x,x,
Land's End,407.58,322.25,k,hx,x,x,x,x,subarctic,x,x,x,
Langhorne,-428.75,230.11,s,hx,x,x,x,x,x,x,x,x,
Lapida II,112.87,51.51,k,hf,x,1.08,ast,55%,temperate,wasteland,16,x,
Larned,294.2,-23.21,d,hx,x,x,x,x,x,x,x,x,
Larsha,118.3,-396.04,l,hx,x,x,x,x,x,x,x,x,
Last Frontier,80.06,390.73,k,hx,x,x,x,x,x,x,x,x,
Latexo,392.61,80.92,d,hx,x,x,x,x,x,x,x,x,
Latice,10.58,-295.82,l,hx,x,x,x,x,x,x,x,x,
Launam,-167.08,-12.54,s,hx,x,x,x,x,x,x,x,x,
Laureles,-185.91,-127.1,m,hx,x,x,x,x,x,x,x,x,
Laurent,-44.18,305.08,s,hx,x,x,x,x,x,x,x,x,
Laurieston,-106.48,94.2,s,hx,x,x,x,x,x,x,x,x,
Layover,204.04,-20.09,d,hf,x,0.9,ast,10%,arid,savannah,15,x,
Le Blanc,206.89,18.44,d,hg,x,0.82,atb,15%,arid,rough,6,flag,
Leamington,353.34,-91.68,d,hx,x,x,x,x,x,x,x,x,
Lee,116.75,-149.18,l,hx,x,x,x,x,x,x,x,x,
Leganes,-77.76,161.37,s,hx,x,x,x,x,x,x,x,x,
Leipsic,307.62,-104.65,d,hx,x,x,x,x,x,x,x,x,
Leiston,174.34,236.35,k,hx,x,x,x,x,x,x,x,x,
Lengkong,-238.9,-260.88,m,hx,x,x,x,x,x,x,x,x,
Leoben,41.33,408.17,k,hx,x,x,x,x,x,riverine,x,x,
Lepaterique,-374.78,-167.74,m,hx,x,x,x,x,x,x,x,x,
Les Halles,-39.01,-189.31,m,hf,x,0.85,atb,85%,arctic,glacial,10,flag,
Lesalles,9.81,-166.15,l,hx,x,x,x,x,x,jungle,x,x,
Leskovik,-90.42,335.53,s,hx,x,x,x,x,x,x,x,x,
Lesnovo,-315.21,-268.64,m,hg,x,0.88,asb,68%,tropical,terran,9,x,
Lexington,315.38,-22.95,d,hx,x,x,x,x,temperate,terran,x,x,
Leyda,-71.04,-349.42,m,hx,x,x,x,x,x,x,x,x,
Leyland,308.41,395.67,k,hx,x,x,x,x,x,x,x,x,
Liao,34.27,-69.06,l,hx,x,1.05,asb,55%,tropical,terran,12,x,
Liezen,-20.92,382.93,k,hx,x,x,x,x,x,x,x,x,
Lihue,423.85,-199.99,d,hx,x,x,x,x,x,x,x,x,
Lima,235.56,54.37,k,hx,x,x,x,x,x,x,x,x,
Lindsay,206.38,-352.51,d,hx,x,x,x,x,x,x,x,x,
Ling,-43.92,-121.92,m,hx,x,x,x,x,x,x,x,x,
Linneus,449.94,-8.11,d,hx,x,x,x,x,x,x,x,x,
Linqing,341.47,312.63,k,hx,x,x,x,x,x,x,x,x,
Lipton,-33.84,6.47,s,hg,5,1.01,asb,82%,tropical,terran,x,x,
Listowel,150.06,-67.99,d,hx,x,x,x,x,x,x,x,x,
Ljugarn,197.86,121.27,k,hx,x,x,x,x,x,x,x,x,
Loburg,-324.46,10.37,s,hm,x,1.03,asb,60%,temperate,terran,14,x,
Loeches,-74.39,-202.58,m,hx,x,x,x,x,x,x,x,x,
Logandale,143.08,-36.23,d,hx,x,x,x,x,x,x,x,x,
Lonaconing,257.79,377.18,k,hx,x,x,x,x,x,x,x,x,
Loongana,-294.46,-110.15,m,hf,x,0.8,atb,86%,temperate,standard,12,x,
Lopez,-37.72,-332.75,m,hm,x,0.85,ast,25%,arid,marginal,11,flag,
Loric,-230.18,-39.09,s,hk,x,0.98,asb,88%,tropical,terran,8,flag,
Lost,-414.97,254.25,s,hx,x,x,x,x,x,x,x,x,
Lothair,266.03,-339.54,d,hx,x,x,x,x,x,x,x,x,
Lothan,-9.82,222.29,k,hx,x,x,x,x,x,x,x,x,
Lovinac,-29.2,393.06,k,hx,x,x,x,x,x,x,x,x,
Loxley,-312.09,225.67,s,hm,x,1,asb,58%,temperate,terran,15,x,
Loyalty,-226.51,-145.59,m,hk,x,0.95,asb,32%,arid,savannah,14,x,
Loysville,291.61,322.25,k,hk,x,1.1,asb,50%,temperate,argrarian,12,x,
Lucerne,231.69,12.46,d,hx,x,x,x,x,x,x,x,x,
Lucianca,-96.87,164.49,s,hx,x,x,x,x,x,x,x,x,
Ludwig,161.94,77.54,k,hx,x,x,x,x,x,x,x,x,
Ludwigshafen,-242.56,283.99,s,hx,x,x,x,x,x,x,x,x,
Lungdo,-82.67,-122.62,m,hx,x,x,x,x,x,x,x,x,
Lurgatan,-20.15,-333.25,m,hx,x,x,x,x,x,x,x,x,
Luthien,167.53,252.26,k,hg,x,1,ast,70%,temperate,megalopolis,16,flag,
Luzerne,124.22,354.29,k,hm,x,1,asb,71%,temperate,savannah,10,x,
Lyceum,428.26,76.5,d,hx,x,x,x,x,x,x,x,x,
Lyndon,-127.37,197.56,s,hx,x,x,x,x,x,x,x,x,
Lyons,-23,39.01,s,hf,4,0.99,asb,77%,arid,marginal,x,x,
Ma'anshan,-388.74,274.61,s,hx,x,x,x,x,x,x,x,x,
Machida,-217.99,340.22,s,hx,x,x,x,x,x,x,x,x,
Macintosh,358.25,-266.86,d,hm,x,1.05,asb,50%,temperate,terran,17,x,
Mackenzie,-275.34,-209.37,m,hm,x,1,asb,60%,Temperate,x,13,x,
Macksburg,276.11,344.13,k,hx,x,x,x,x,x,x,x,x,
Macomb,341.21,-20.35,d,hx,x,x,x,x,x,x,x,x,
Maderas,-347.1,-114.11,m,hx,x,x,x,x,x,x,x,x,
Madiun,-400.14,-37,s,hx,x,x,x,x,x,x,x,x,
Madras,70.51,-327.57,l,hx,x,x,x,x,x,x,x,x,
Maestu,-35.34,290.98,s,hx,x,x,x,x,x,x,x,x,
Mahone,-232.75,309.24,s,hx,x,x,x,x,x,x,x,x,
Main Street,-377.66,354.01,s,hx,x,x,x,x,x,x,x,x,
Maisons,-345.85,4.38,s,hx,x,x,x,x,x,x,x,x,
Maladar,108.74,-249.49,l,hx,x,x,x,x,x,x,x,x,
Malagrotta,427.58,-273.21,d,hx,x,x,x,x,x,x,x,x,
Maldonado,212.06,323.3,k,hx,x,x,x,x,x,x,x,x,
Malibu,-145.2,380.58,s,hx,x,x,x,x,x,x,x,x,
Mallory's World,111.32,5.94,d,hg,x,x,asb,80%,temperate,terran,x,flag,
Manapire,82.4,-295.02,d,hx,x,x,x,x,x,x,x,x,
Manassas,315.12,-123.22,d,hf,11,0.98,ast,63%,tropical,terran,8,flag,
Mandaoaaru,-304.75,309.75,s,hx,x,x,x,x,x,x,x,x,
Mandaree,182.35,-311.18,d,hx,x,x,x,x,x,x,x,x,
Mandate,88.32,-127.12,l,hx,x,x,x,x,x,x,x,x,
Manihiki,-207.21,-169.25,m,hx,x,x,x,x,x,x,x,x,
Mankova,-252.86,-273.95,m,hx,x,x,x,x,tropical,jungle,x,x,
Mannedorf,49.07,228.53,k,hk,x,0.99,atb,27%,arctic,tundra,13,x,
Manotick,-372.2,-134.91,m,hx,x,x,x,x,x,x,x,x,
Mansfield,394.41,-63.04,d,hx,x,x,x,x,x,x,x,x,
Mansu-ri,-94.8,-255.98,m,hx,x,x,x,x,x,x,x,x,
Manteno,189.08,-72.42,d,hf,x,x,x,x,x,x,x,flag,
Mara,121.66,8.81,d,hf,4,0.93,asb,81%,tropical,argrarian,x,x,
Mararn,526.15,-221.54,d,hx,x,x,x,x,x,x,x,x,
Marawi,62.23,266.81,k,hx,x,x,x,x,x,x,x,x,
Marcus,-58.9,-15.67,m,hg,10,1.12,ahb,65%,arid,rough,x,x,
Marduk,208.18,60.36,d,hg,x,1,asb,60%,temperate,terran,18,x,
Marfik,-40.57,98.36,k,ha,6,0.81,atb,53%,arid,subterranian,x,x,
Mariefred,-180.06,25.73,s,hx,x,x,x,x,x,x,x,x,
Marielund,527.53,-181.15,d,hx,x,x,x,x,x,x,x,x,
Marik,-79.56,-75.85,m,hk,x,1.1,ahb,55%,arid,megalopolis,17,flag,
Markab,97.63,23.38,k,hm,9,0.75,ast,63%,aird,desert,x,x,
Markesan,221.34,-75.38,d,hx,x,x,x,x,x,x,x,x,
Marlette,154.45,-44.82,d,hk,x3,1.08,asb,66%,temperate,terran,15,flag,
Marlowe's Rift,234.53,88.47,k,hx,x,x,x,x,x,x,x,x,
Marodzi,291.87,-276.54,d,hx,x,x,x,x,x,x,x,x,
Marshdale,163.25,332.41,k,hx,x,x,x,x,x,x,x,x,
Masterson,2.76,-187.09,l,hx,x,x,x,x,x,x,x,x,
Matamoras,252.34,351.68,k,hg,x1,1.46,asb,20%,arid,desert,13,flag,
Matar,161.94,56.71,k,hx,x,x,x,x,temperate,terran,x,x,
Matheran,-65.61,-171.64,m,hx,x,x,x,x,x,x,x,x,
Matsu,78.26,-137.2,l,hx,x,x,x,x,arctic,x,x,x,
Matsuida,278.19,130.01,k,hg,x3,1,asb,50%,temperate,argrarian,14,flag,
Mauckport,426.7,-53.67,d,hx,x,x,x,x,x,x,x,x,
Maule,31.76,247.02,k,hx,x,x,x,x,x,x,x,x,
Mauripur,-167.08,-283.83,m,hx,x,x,x,x,x,x,x,x,
Maxie's Planet,-96.36,392.29,s,hx,x,x,x,x,x,x,x,x,
Maxwell,-376.65,-115.33,m,hf,x5,1,asb,63%,tropical,mountains,9,x,
Mayetta,405.01,6.99,d,hf,x5,0.9,ast,58%,temperate,terran,6,flag,
Maynard,304.27,2.31,d,hx,x,x,x,x,x,x,x,x,
McAffe,-181.06,-45.59,m,hx,x,x,x,x,x,x,x,x,
McAlister,226.44,345.48,k,hx,x,x,x,x,x,x,x,x,
McComb,222.13,58.01,d,hx,x,x,x,x,x,x,x,x,
McGehee,330.1,75.45,d,hx,x,x,x,x,x,x,x,x,
McHenry,179.26,-85.17,d,hx,x,x,x,x,x,x,x,x,
McKenna,-66.13,-133.3,m,hx,x,x,x,x,x,x,x,x,
McRae,552.76,-85.17,d,hx,x,x,x,x,x,x,x,x,
Meacham,-28.68,188.71,s,hx,x,x,x,x,x,x,x,x,
Meadowvale,-134.81,-324.46,m,hx,x,x,x,x,x,x,x,x,
Medellin,-240.77,327.47,s,hx,x,x,x,x,x,x,x,x,
Medzev,-255.24,47.07,s,hx,x,x,x,x,x,x,x,x,
Megrez,-211.06,-42.21,m,hx,x,x,x,x,x,x,x,x,
Meilen,59.93,221.24,k,hx,x,x,x,x,x,x,x,x,
Meinacos,200.95,297.26,k,hx,x,x,x,x,x,x,x,x,
Meinrad,392.35,-85.69,d,hx,x,x,x,x,x,x,x,x,
Mejicanos,471.91,-183.02,d,hx,x,x,x,x,x,x,x,x,
Melcher,367.05,38.75,d,hx,x,x,x,x,x,x,x,x,
Melissia,-222.62,349.47,s,hg,x5,1.02,asb,60%,temperate,terran,16,flag,
Memmingen,6.46,310.81,k,hx,x,x,x,x,x,x,x,x,
Memphis,561.79,-142.68,d,hx,x,x,x,x,x,x,x,x,
Mendham,147.74,-347.33,d,hx,x,x,x,x,x,x,x,x,
Menkalinan,0,-71.11,m,hx,x,x,x,x,x,x,x,x,
Menkar,90.66,-92.72,l,hm,9,1.1,asb,66%,tropical,archipelago,x,x,
Menke,90.66,-333.25,l,hk,x2,x,x,x,x,x,x,flag,
Menkent,-38.26,23.13,s,hk,6,0.83,asb,47%,arid,marginal,x,x,
Menkib,75.41,-129.91,l,hx,x,x,x,x,x,x,x,x,
Mentasta,114.16,-239.01,d,hx,x,x,x,x,x,x,x,x,
Merak,-119.36,-62.78,m,hx,x,x,x,x,x,x,x,x,
Mercedes,-392.41,112.95,s,hx,x,x,x,x,x,x,x,x,
Mermentau,520.98,-39.61,d,hx,x,x,x,x,x,x,x,x,
Mersa Matruh,130.75,170.06,k,hx,x,x,x,x,x,x,x,x,
Merton,-392.41,-122.62,m,hx,x,x,x,x,x,x,x,x,
Mesa Verde,-136.38,117.37,s,hx,x,x,x,x,x,x,x,x,
Mesartim,102.8,-54.97,d,hg,x3,x,x,x,x,x,x,flag,
Metter,532.87,-98.71,d,hx,x,x,x,x,x,x,x,x,
Mezzana,-357.25,85.35,s,hx,x,x,x,x,x,x,x,x,
Miaplacidus,-62.51,-57.32,m,hx,x,x,x,x,x,x,x,x,
Midale,189.34,-364.8,d,hx,x,x,x,x,x,x,x,x,
Midkiff,-198.39,-112.74,m,hx,x,x,x,x,x,x,x,x,
Midway,247.45,204.59,k,hg,x3,1,asb,85%,temperate,terran,17,x,
Millerton,-342.99,287.37,s,hx,x,x,x,x,x,x,x,x,
Milligan,474.74,39.01,d,hx,x,x,x,x,x,x,x,x,
Millray,610.1,31.98,d,hx,x,x,x,x,x,x,x,x,
Millungera,-282.37,-72.67,m,hx,x,x,x,x,x,x,x,x,
Milnerton,-85.25,-234.13,m,hx,x,x,x,x,x,x,x,x,
Milos,57.59,-226.84,l,hx,x,x,x,x,tropical,x,x,x,
Milton,-64.32,2.82,s,hg,5,1.04,asb,85%,tropical,terran,16,x,
Minakuchi,63.79,117.37,k,hx,x,x,x,x,x,x,x,x,
Minderoo,-255.44,156.16,s,hx,x,x,x,x,x,x,x,x,
Minette,471.25,-110.51,d,hx,x,x,x,x,x,x,x,x,
Minnacora,77.23,-171.84,l,hx,x,x,x,x,x,x,x,x,
Minowa,183.39,158.51,k,hx,x,x,x,x,x,x,x,x,
Miquelon,-280.24,298.75,s,hx,x,x,x,x,x,x,x,x,
Mira,103.32,-52.37,d,hf,x4,1.1,x,x,tropical,jungle,x,flag,
Mirach,108.74,-27.11,d,hm,8,0.8,asb,60%,temperate,rough,x,x,
Mirage,474.74,15.58,d,hx,x,x,x,x,x,x,x,x,
Misery,274.05,85.6,k,hf,5,1.1,asb,64%,arctic,glacial,x,flag,
Mississauga,-224.74,296.74,s,hx,x,x,x,x,x,x,x,x,
Mitchel,108.74,-330.66,l,hx,x,x,x,x,x,x,x,x,
Miyada,309.95,246.76,k,hx,x,x,x,x,x,x,x,x,
Mizar,-54.5,20.78,s,ha,6,0.92,asb,84%,tropical,terran,x,x,
Mizunami,345.34,233.74,k,hx,x,x,x,x,x,x,x,x,
Mkuranga,-160.65,319.65,s,hx,x,x,x,x,x,x,x,x,
Mogyorod,-213.84,379.79,s,hx,x,x,x,x,x,x,x,x,
Mokane,426.7,-23.21,d,hx,x,x,x,x,x,x,x,x,
Molino,460.02,-135.71,d,hx,x,x,x,x,x,x,x,x,
Molokai,-256.02,-195.59,m,hx,x,x,x,x,x,x,x,x,
Monhegan,115.98,-185.41,d,hx,x,x,x,x,x,x,x,x,
Monistrol,159.37,124.4,k,hx,x,x,x,x,x,x,x,x,
Monongahela,164.79,-166.94,d,hx,x,x,x,x,temperate,argrarian,x,x,
Monroe,402.95,-45.08,d,hx,x,x,x,x,x,x,x,x,
Montcoal,247.7,-169.55,d,hx,x,x,x,x,x,x,x,x,
Montmarault,-59.16,264.97,s,hx,x,x,x,x,x,x,x,x,
Montour,348.44,-330.96,d,hx,x,x,x,x,x,x,x,x,
Monywa,348.7,267.58,k,hx,x,x,x,x,x,x,x,x,
Moore,5.68,64.53,k,hk,8,0.87,ast,85%,temperate,swamp,x,x,
Moravian,109,-133.3,d,hx,x,x,x,x,arid,desert,x,x,
Mordialloc,219.81,-265.37,d,hx,x,x,x,x,x,x,x,x,
Morges,-141.31,285.22,s,hx,x,x,x,x,x,x,x,x,
Moriguchi,-364.97,292.32,s,hx,x,x,x,x,x,x,x,x,
Moritz,-32.29,321.74,k,hx,x,x,x,x,x,mountains,x,x,
Morningside,-35.66,169.17,s,hx,x,x,x,x,x,x,x,x,
Morrill,395.71,31.98,d,hx,x,x,x,x,x,x,x,x,
Morven,543.97,-148.18,d,hx,x,x,x,x,x,x,x,x,
Mosiro,-65.1,-282.74,m,hk,x3,x,x,x,temperate,terran,x,x,
Moultrie,471.39,-171.84,d,hx,x,x,x,x,x,x,x,x,
Mozirje,-38.75,364.7,k,hx,x,x,x,x,x,x,x,x,
Mualang,96.34,267.58,k,hx,x,x,x,x,x,x,x,x,
Multan,363.42,331.37,k,hx,x,x,x,x,x,x,x,x,
Mundrabilla,-247.7,-109.15,m,hx,x,x,x,x,x,x,x,x,
Muphrid,-27.38,15.32,s,hg,5,1,asb,80%,temperate,argrarian,16,flag,
Murchison,74.63,20,k,hg,3,1.18,asb,54%,arid,argrarian,x,x,
Muridox,106.41,-384.86,l,hx,x,x,x,x,x,x,x,x,
Muscida,-139.46,-183.61,m,hx,x,x,x,x,x,x,x,x,
Muskegon,164.42,-99.95,d,hx,x,x,x,x,arid,swamp,x,x,
Nadrin,313.06,153.81,k,hx,x,x,x,x,x,x,x,x,
Nagel,470.62,6.47,d,hx,x,x,asb,90%,temperate,swamp,x,x,
Nahoni,245.64,-199.99,d,hx,x,x,x,x,x,x,x,x,
Najha,35.64,212.65,k,hx,x,x,x,x,x,x,x,x,
Naka Pabni,377.63,-293.71,d,hx,x,x,x,x,x,x,x,x,
Nakaojo,286.97,184.54,k,hx,x,x,x,x,x,x,x,x,
Nanking,22.73,-52.11,l,hg,x4,1.06,asb,70%,tropical,terran,19,flag,
Narellan,170.48,-255.69,d,hx,x,x,x,x,x,x,x,x,
Nashira,47.61,33.84,k,hk,2,0.92,asb,81%,temperate,terran,x,x,
Nashuar,97.52,-203.54,l,hx,x,x,x,x,x,x,x,x,
Nathan,-67.16,-49.5,m,hx,x,x,x,x,x,x,x,x,
Necedah,353.61,-8.11,d,hx,x,x,x,x,x,x,x,x,
Necromo,102.8,-189.81,l,hm,x10,1.03,atb,12%,arid,forest,12,flag,
Neerabup,-338.92,336.06,s,hg,x5,1.04,ahb,85%,tropical,argrarian,7,flag,
Negushevo,-286.73,-275.76,m,hx,x,x,x,x,x,x,x,x,
Nekkar,-93.51,97.06,s,hx,x,x,x,x,x,x,x,x,
Neosho,549.39,-25.82,d,hx,x,x,x,x,x,x,x,x,
Nestor,-170.46,-26.08,m,hx,x,x,x,x,temperate,argrarian,x,x,
New Aberdeen,256.74,78.84,d,hx,x,x,x,x,x,x,x,x,
New Aragon,69.48,-88.81,d,hk,7,1,asb,35%,temperate,argrarian,17,flag,
New Avalon,266.29,-111.62,d,hg,x4,1.04,asb,60%,temperate,terran,18,flag,
New Bergen,19.36,405.82,k,hx,x,x,x,x,x,x,x,x,
New Caledonia,-59.16,408.43,k,hx,x,x,x,x,x,x,x,x,
New Canton,8.26,-73.46,l,hx,x,x,x,x,x,x,x,x,
New Capetown,-251.87,262.64,s,hk,x4,1.1,asb,65%,temperate,terran,13,flag,
New Damascus,273.79,-208.07,d,hk,x8,1.15,asb,60%,temperate,terran,12,x,
New Delos,-37.98,-141.69,m,hg,x4,1.1,asb,78%,tropical,terran,8,flag,
New Exford,-137.18,244.94,s,hx,x,x,x,x,x,x,x,x,
New Hessen,83.94,-57.06,l,ha,x7,0.9,ahb,60%,tropical,terran,14,flag,
New Home,7.22,-12.8,l,hg,5,0.99,asb,66%,temperate,terran,x,x,
New Hope,-113.11,-33.11,m,hx,x,x,x,x,x,x,x,x,
New India,-457.98,47.87,s,hx,x,x,x,x,x,x,x,x,
New Ivaarsen,226.78,34.85,d,hk,x3,1.1,asb,62%,temperate,terran,19,flag,
New Kyoto,-125.64,11.9,s,hg,9,1.04,asb,81%,temperate,rough,15,flag,
New Macao,77.48,-123.22,l,hx,x,x,x,x,x,x,x,x,
New Mendham,178.98,59.83,k,hx,x,x,x,x,x,x,x,x,
New Olympia,-150.06,-131.21,m,hg,x3,0.95,asb,82%,temperate,terran,15,flag,
New Oslo,15.24,388.91,k,ha,x1,1.03,asb,49%,temperate,terran,13,x,
New Rhodes,102.29,-15.92,d,hm,5,0.7,asb,60%,temperate,desert,x,x,
New Roland,-8,-404.12,l,hx,x,x,x,x,x,x,x,x,
New Sagan,79.8,-178.93,l,hx,x,x,x,x,x,x,x,x,
New Samarkand,359.27,250.38,k,hf,x6,1.05,asb,70%,temperate,terran,13,flag,
New Syrtis,230.91,-298.95,d,hk,x4,1,asb,50%,temperate,rough,17,flag,
New Valencia,219.81,-50.36,d,hg,x4,1.13,asb,75%,temperate,argrarian,12,x,
New Wessex,-12.4,114.24,k,hk,11,1.15,ast,54%,temperate,terran,x,x,
New Westin,38.22,-243.71,l,hx,x,x,x,x,x,x,x,x,
Newcastle,-208.48,-182.02,m,hx,x,x,x,x,x,x,x,x,
Newton,317.18,-30.76,d,hx,x,x,x,x,x,x,x,x,
Newtown Square,-228.1,395.93,s,hx,x,x,x,x,x,x,x,x,
Ngake,-173.83,-199.99,m,hx,x,x,x,x,x,x,x,x,
Niangol,-373.99,244.67,s,hx,x,x,x,x,tropical,x,x,x,
Nihal,43.9,-312.99,l,hx,x,x,x,x,x,x,x,x,
Niihau,-237.41,-80.49,m,hx,x,x,x,x,x,x,x,x,
Niles,398.29,120.76,d,hx,x,x,x,x,x,x,x,x,
Ningpo,54.24,-67.22,l,hg,7,1,asb,78%,temperate,terran,x,x,
Ningxia,314.65,315.55,k,hk,x3,0.9,atb,32%,temperate,terran,12,x,
Niomede,-0.26,-352.01,l,hx,1,x,vac,,vaccum,subterranian,x,x,
Niquinohomo,407.33,-228.33,d,hx,x,x,x,x,x,x,x,x,
Nirasaki,34.35,19.49,k,hf,4,1.11,asb,57%,temperate,terran,x,x,
Nizina,309.44,-229.93,d,hx,x,x,x,x,x,x,x,x,
No Return,56.31,-178.63,l,hx,x,x,x,x,x,x,x,x,
Noatak,330.62,-215.36,d,hx,x,x,x,x,arctic,glacial,x,x,
Nockatunga,-288.82,-54.46,m,hx,x,x,x,x,x,x,x,x,
Noisiel,-308.12,149.14,s,hk,x3,0.74,asb,63%,temperate,terran,13,x,
Nopah,57.08,-33.88,d,hg,9,1.1,asb,60%,temperate,argrarian,x,x,
Norfolk,-221.66,-181.22,m,hm,x5,1,asb,70%,tropical,terran,15,x,
Northfield,279.21,-76.05,d,hx,x,x,x,x,x,x,x,x,
Northwind,34.1,-2.91,d,hg,5,1.01,atb,75%,temperate,terran,x,x,
Notwina,294.72,-195.29,d,hx,x,x,x,x,x,x,x,x,
Nouasseur,-351.01,264.2,s,hx,x,x,x,x,x,x,x,x,
Nova Roma,-83.18,-134.91,m,hf,x3,x,asb,x,temperate,argrarian,x,x,
Novara,-366.04,116.48,s,hx,x,x,x,x,x,x,x,x,
Novaya Zemlya,180.54,-184.61,d,hg,x4,1.04,asb,48%,temperate,terran,10,flag,
Nowhere,368.84,406.08,k,hx,x,x,x,x,x,x,x,x,
Nox,13.16,241.55,k,hk,x4,0.99,asb,70%,temperate,terran,14,x,
Nullarbor,-158.38,-252.09,m,hx,x,x,x,x,x,x,x,x,
Numenor,283.6,-108.34,d,hx,x,x,x,x,x,x,x,x,
Numki,49.07,202.5,k,hx,x,x,x,x,x,x,x,x,
Nuneaton,-335.26,142.88,s,hx,x,x,x,x,x,x,x,x,
Nunivak,321.84,-189.61,d,hx,x,x,x,x,x,x,x,x,
Nusakan,-34.74,43.6,s,hk,6,1.08,asb,42%,temperate,tundra,x,x,
Nykvarn,123.21,391.5,k,hg,x2,0.96,asb,37%,temperate,wasteland,13,x,
Obrenovac,-187.29,-337.95,m,hx,x,x,x,x,x,x,x,x,
Oceana,-96.36,-108.84,m,hx,x,x,x,x,x,x,x,x,
Odabasi,71.03,215.26,k,hx,x,x,x,x,x,x,x,x,
Odell,250.3,-98.19,d,hx,x,x,x,x,x,x,x,x,
Odessa,-120.64,186.87,s,hx,x,x,x,x,x,x,x,x,
O'Fallon,313.3,-83.87,d,hx,x,x,x,x,x,x,x,x,
Offerman,572.89,-52.63,d,hx,x,x,x,x,x,x,x,x,
Ogano,82.91,212.65,k,hx,x,x,x,x,x,x,x,x,
Ogilvie,195.62,-233.7,d,hx,x,x,x,x,x,x,x,x,
Ohrensen,-16.28,-122.62,m,hf,x2,0.95,asb,61%,temperate,terran,12,flag,
Okains,240.99,-270.56,d,hx,x,x,x,x,x,x,x,x,
Okefenokee,606.47,-67.99,d,hg,x4,1.1,ahb,74%,tropical,swamp,5,flag,
Olafsvik,-176.41,-240.82,m,hx,x,x,x,x,x,x,x,x,
Olancha,167.11,-6.54,d,hx,x,x,x,x,x,x,x,x,
Old Kentucky,2.06,-142.68,l,hg,x4,1.1,ahb,56%,Arid,terrain,12,flag,
Olindo,462.86,-236.42,d,hx,x,x,x,x,x,x,x,x,
Oliver,-31.78,-7.07,m,hm,2,1.07,ast,59%,Tropical,megalopolis,x,flag,
Oltepesi,252.34,-278.65,d,hx,x,x,x,x,x,x,x,x,
Omagh,152.65,212.91,k,hx,x,x,x,x,x,x,x,x,
Orbisonia,150.06,-156.26,d,hx,x,x,x,x,x,x,x,x,
Orestes,-26.05,168.42,k,ha,x3,0.99,asb,65%,temperate,jungle,15,flag,
Oriente,-76.2,-212.91,m,hf,x4,1.1,asb,58%,tropical,terran,18,flag,
Orkney,-48.56,236.61,s,hx,x,x,x,x,x,x,x,x,
Ormstown,-438.56,194.95,s,hx,x,x,x,x,x,x,x,x,
Oshika,238.95,177.97,k,hg,x3,0.95,asb,65%,tropical,megalopolis,13,flag,
Osmus Saar,149.28,175.17,k,hx,x,x,x,x,x,x,x,x,
Otho,78.36,177.55,k,hx,x,x,x,x,x,x,x,x,
Ottumwa,398.29,33.54,d,hx,x,x,x,x,x,x,x,x,
Outer Volta,155.23,320.18,k,hx,x,x,x,x,x,x,x,x,
Outpost,15.24,429.52,k,hx,x,x,x,x,x,x,x,x,
Outreach,-3.11,-34.93,l,hk,8,1.1,ast,75%,temperate,terran,x,x,
Ovan,30.47,-207.28,l,hm,x2,0.91,ahb,24%,temperate,rough,11,x,
Overton,46.22,-209.37,l,hg,x3,1,asb,78%,tropical,terran,10,x,
Ozawa,84.72,2.82,d,hk,4,0.92,ast,44%,tropical,wasteland,x,flag,
Pajarito,479.4,77.8,d,hx,x,x,x,x,x,x,x,x,
Palladaine,-3.11,-290.02,l,hx,x,x,x,x,x,x,x,x,
Palmyra,450.47,-26.08,d,hx,x,x,x,x,x,x,x,x,
Palos,50.66,-125.6,l,hk,8,1,asb,59%,tropical,terran,x,x,
Pandora,-84.49,236.48,s,hb,x7,1.02,asb,69%,tropical,terran,16,flag,
Pangkalan,-249.11,367.59,s,hx,x,x,x,x,x,x,x,x,
Panjang,-297.52,-183.02,m,hx,x,x,x,x,x,x,x,x,
Panpour,342.24,-294.52,d,hm,x3,1,ahb,88%,tropical,megalopolis,16,flag,
Paracale,99.69,217.09,k,hx,x,x,x,x,x,x,x,x,
Paradise,-239.73,-127.3,m,hg,x3,1,asb,63%,temperate,terran,16,x,
Parakoila,-132.23,325.12,s,hx,x,x,x,x,x,x,x,x,
Paris,191.64,47.87,k,hx,x,x,x,x,x,x,x,x,
Park Place,-29.46,-111.74,m,hx,x,x,x,x,x,x,x,x,
Parma,359.54,-52.63,d,hf,x5,1.2,ahb,25%,tropical,marginal,x,flag,
Pascagoula,429.29,57.75,d,hx,x,x,x,x,x,x,x,x,
Pasig,-165.11,335.01,s,hx,x,x,x,x,x,x,x,x,
Pattison,587.23,54.89,d,hx,x,x,x,x,x,x,x,x,
Pattonsbrug,376.85,-6.03,d,hx,x,x,x,x,x,x,x,x,
Paulding,304.78,-101.86,d,hx,x,x,x,x,x,x,x,x,
Payvand,-202.25,-319.47,m,hf,x4,1,asb,59%,temperate,terran,10,x,
Peabody,330.36,-23.73,d,hx,x,x,x,x,x,x,x,x,
Peacock,136.37,185.31,k,hx,x,x,x,x,x,x,x,x,
Pella,-30.49,-228.63,l,hx,x,x,x,x,x,x,x,x,
Pencader,-350.22,-53.14,s,hx,x,x,x,x,x,x,x,x,
Penobscot,-332.69,-46.12,s,hx,x,x,x,x,x,x,x,x,
Perdido,446.33,-114.04,d,hx,x,x,x,x,x,x,x,x,
Perkasie,130.68,-144.79,d,hx,x,x,x,x,x,x,x,x,
Persistence,-106.18,409.22,s,hx,x,x,x,x,x,x,x,x,
Pesht,206.06,312.14,k,hf,x3,1.04,asb,64%,tropical,forest,18,flag,
Petrolia,307.88,-70.85,d,hx,x,x,x,x,x,x,x,x,
Phact,10.84,-140.89,l,hx,x,x,x,x,x,x,x,x,
Phalan,-19.89,135.34,s,hx,x,x,x,x,x,x,x,x,
Phecda,-74.39,-1.6,s,ha,4,0.98,asb,86%,subarctic,glacial,x,x,
Pherkad,-142.04,172.04,s,hx,x,x,x,x,x,x,x,x,
Philadelphia,191.38,210.32,k,hx,x,x,x,x,x,x,x,x,
Piedmont,79.33,78.32,k,hg,7,1.03,asb,64%,temperate,continental,x,x,
Pierce,342.76,-312.69,d,hx,x,x,x,x,x,x,x,x,
Pike,20.13,39.52,k,hk,8,0.98,ahb,37%,arid,desert,x,x,
Pilkhua,33.57,207.71,k,hx,x,x,x,x,x,x,x,x,
Pilpala,-23.51,-378.07,m,hx,x,x,x,x,x,x,x,x,
Pingree,-201.45,-65.38,m,hx,x,x,x,x,x,x,x,x,
Pinnacle,71.8,433.93,k,hx,x,x,x,x,x,x,x,x,
Piriapolis,-98.68,-360.9,m,hx,x,x,x,x,x,x,x,x,
Pitkin,492.3,77.54,d,hx,x,x,x,x,temperate,argrarian,x,x,
Planting,-53.74,367.3,s,hx,x,x,x,x,x,x,x,x,
Pleiades Cluster,215.93,-322.42,d,cluster,100,cluster,cluster,cluster,cluster,cluster,cluster,x,
Pleione,51.39,-80.23,l,hm,9,0.98,asb,84%,arid,desert,x,x,
Plymouth,343.79,-69.29,d,hx,x,x,x,x,x,x,x,x,
Pobeda,-244.64,190.53,s,hx,x,x,x,x,x,x,x,x,
Pocologan,-421.82,167.36,s,hx,x,x,x,x,x,x,x,x,
Point Barrow,362.65,-130.71,d,hk,x2,1.25,asb,20%,arid,marginal,11,x,
Pojos,84.97,-379.86,l,hx,x,x,x,x,x,x,x,x,
Polcenigo,109,377.44,k,hx,x,x,x,x,x,x,x,x,
Pollux,-31.52,-15.67,m,hx,x,x,x,x,x,x,x,x,
Pomme De Terre,56.31,365.47,k,hx,x,x,x,x,temperate,argrarian,x,x,
Pondicherry,401.38,240.77,k,hx,x,x,x,x,x,x,x,x,
Porrima,-113.9,140.28,s,hk,x2,0.74,asb,71%,tropical,terran,14,flag,
Port Arthur,131.47,257.17,k,hg,x3,1.1,asb,50%,temperate,terran,13,flag,
Port Moseby,3.35,161.37,s,hf,x4,1,asb,65%,temperate,meager,11,flag,
Potwin,307.37,-20.09,d,hx,x,x,x,x,x,x,x,x,
Poulsbo,-375.08,-64.08,s,hf,x4,0.92,asb,80%,tropical,meager,8,flag,
Poznan,62.49,-81.78,l,hg,5,1.2,asb,65%,tropical,terran,x,flag,
Prato,-335.07,-227.04,m,hx,x,x,x,x,x,x,x,x,
Predlitz,43.65,357.15,k,hx,x,x,x,x,x,x,x,x,
Premana,-366.26,61.92,s,hx,x,x,x,x,x,meager,x,x,
Preston (Spinward),13.16,-215.56,l,hx,x,x,x,x,x,x,x,x,
Preston (Anti-Spinward),-223.75,-71.64,m,hx,x,x,x,x,x,x,x,x,
Primus,39.51,-322.37,l,hx,x,x,x,x,x,argrarian,x,x,
Principia,0,-360.4,l,hf,x4,x,asb,x,temperate,terran,x,x,
Princton,413.01,26.51,d,hx,x,x,x,x,x,x,x,x,
Prix,38.22,-330.66,l,hx,x,x,x,x,x,terran,x,x,
Procyon,-5.04,-11.14,m,hf,x2,x,x,x,x,x,x,x,
Promised Land,-304.07,-72.93,m,hg,10,1.7,asb,50%,arid,desert,16,flag,
Propus,-12.4,-185.11,l,hx,x,x,x,x,x,x,x,x,
Proserpina,158.11,34.53,k,hk,x4,1,asx,67%,arid,wasteland,17,flag,
Protection,451.5,5.43,d,hx,x,x,x,x,x,x,x,x,
Purvo,59.66,-260.68,l,hx,x,x,x,x,x,x,x,x,
Pusht-i-rud,372.46,351.15,k,hx,x,x,x,x,x,x,x,x,
Qanatir,-376.85,258.74,s,hx,x,x,x,x,x,x,x,x,
Qandahar,317.74,360.64,k,hg,x3,1.05,asx,71%,temperate,wasteland,16,flag,
Qarahta,-335.76,228.53,s,hx,x,x,x,x,x,x,x,x,
Quarell,-30.49,234.26,k,hx,x,x,x,x,x,x,x,x,
Quemoy,44.42,-152.56,l,hx,x,x,x,x,x,x,x,x,
Quentin,45.97,12.46,d,hx,7,0.74,ast,53%,arid,desert,16,flag,
Quilino,-323.37,155.64,s,hx,x,x,x,x,x,x,x,x,
Quimberton,83.17,-361.96,l,hx,x,x,x,x,x,x,x,x,
Quincy,347.16,-34.14,d,hx,x,x,x,x,x,x,x,x,
Quittacas,157.82,-221.36,d,hx,x,x,x,x,x,x,x,x,
Qurayyat,-403.2,226.71,s,hx,x,x,x,x,x,x,x,x,
Raballa,21.69,-158.86,l,hf,x7,x,asb,x,temperate,meager,x,flag,
Radlje,57.59,379.53,k,hx,x,x,x,x,x,x,x,x,
Radostov,-307.92,44.22,s,hx,x,x,x,x,x,x,x,x,
Radstadt,41.33,318.87,k,hg,x3,0.93,asb,55%,temperate,forest,14,flag,
Rahne,-141.84,9.34,s,hg,x4,0.94,asb,44%,tropical,rough,13,flag,
Rajkot,-374.28,-21.39,s,hx,x,x,x,x,x,x,x,x,
Raman,161.43,9.34,d,hx,x,x,x,x,x,x,x,x,
Ramgarh,391.58,226.45,k,hx,x,x,x,x,x,x,x,x,
Ramona,328.81,-38.58,d,hx,x,x,x,x,x,x,x,x,
Ramsau,-0.27,224.11,k,hx,x,x,x,x,x,x,x,x,
Randar,61.73,-177.02,l,hx,x,x,x,x,x,x,x,x,
Raphael,45.19,-317.13,l,hx,x,x,x,x,x,x,x,x,
Rapla,-411.22,84.04,s,hx,x,x,x,x,x,x,x,x,
Rasalas,-150.64,-94.54,m,hx,x,x,x,x,x,x,x,x,
Rasalgethi,-41.86,213.69,s,hm,x6,1,asb,80%,temperate,terran,19,x,
Rasalhague,39.25,392.55,k,hk,x6,1.1,asb,75%,temperate,terran,17,flag,
Rastaban,-33.58,264.72,s,hx,x,x,x,x,x,x,x,x,
Recife,-286.44,276.19,s,hx,x,x,x,x,x,x,x,x,
Redfield,139.99,-214.27,d,hk,x3,x,x,x,x,x,x,flag,
Redondo,454.34,-215.16,d,hx,x,x,x,x,x,x,x,x,
Reese Station,-292.38,172.04,s,hx,x,x,x,x,x,x,x,x,
Regulus,-151.98,-181.36,m,hk,x4,0.95,asb,53%,tropical,terran,17,flag,
Reisling,175.63,81.18,k,hx,x,x,x,x,x,x,x,x,
Reisterstown,315.38,-150.27,d,hx,x,x,x,x,x,x,x,x,
Relevow,70.25,-189.61,l,hx,x,x,x,x,x,x,x,x,
Remagen,275.6,-157.26,d,hx,x,x,x,x,x,x,x,x,
Remshield,97.37,-140.89,l,hf,x2,0.99,asb,40%,temperate,rough,11,x,
Remulac,-73.1,-39.61,m,hx,x,x,x,x,x,x,x,x,
Renown,41.58,-400.73,l,hx,x,x,x,x,x,x,x,x,
Rentz,570.06,-98.71,d,hx,x,x,asb,x,temperate,argrarian,x,x,
Repulse,16.27,-399.94,l,hx,x,x,x,x,x,x,x,x,
Revivim,-403,18.44,s,hx,x,x,x,x,x,x,x,x,
Rexburg,-199.37,-70.34,m,hx,x,x,x,x,x,x,x,x,
Richmond,130.68,458.68,k,hx,x,x,x,x,x,x,x,x,
Richvale,-275.64,176.46,s,hf,x4,1.02,ahb,61%,temperate,savannah,9,x,
Ridderkerk,-46.24,353.76,s,hx,x,x,x,x,x,x,x,x,
Ridgebrook,201.21,-321.87,d,hx,x,x,x,x,x,x,x,x,
Rigil Kentarus,-2.85,2.56,s,hg,5,0.85,ast,66%,temperate,wasteland,x,x,
Rijeka,-338.63,96.03,s,hx,x,x,x,x,x,x,x,x,
Rio,95.31,-28.94,d,hf,6,1.5,asb,60%,temperate,terran,x,x,
Roadside,-184.91,371.46,s,hm,x3,1,asb,40%,temperate,argrarian,14,x,
Robinson,232.55,-6.53,d,hg,x,1,asb,70%,tropical,terran,16,flag,
Robsart,170.74,-342.63,d,hx,x,x,x,x,x,x,x,x,
Rochelle,-113.7,-15.92,m,hk,6,0.74,ast,86%,temperate,argrarian,x,x,
Rochester,226.78,3.08,d,hg,x5,x,asb,x,temperate,wasteland,x,x,
Rockland,149.8,422.23,k,hg,x3,1.11,asb,50%,temperate,mountains,13,x,
Rodigo,-17.31,396.2,k,hx,x,x,x,x,x,x,x,x,
Rohinjan,-190.65,-305.2,m,hx,x,x,x,x,x,x,x,x,
Rollis,150.33,-386.16,l,hf,x,x,x,x,x,x,x,x,
Romita,-353.89,-253.89,m,hx,x,x,x,x,x,x,x,x,
Romulus,-89.64,382.12,s,hx,x,x,x,x,x,x,x,x,
Ronel,95.57,-2.65,d,hf,6,1.3,ast,30%,arid,wasteland,x,flag,
Rosamond,178.48,-33.88,d,hx,x,x,x,x,x,x,x,x,
Rosepine,583.76,-22.95,d,hx,x,x,x,x,x,x,x,x,
Rosice,-279.01,53.33,s,hx,x,x,x,x,x,x,x,x,
Rosiclare,478.63,-47.68,d,hx,x,x,x,x,x,x,x,x,
Rowe,332.94,48.39,d,hx,x,x,x,x,x,x,x,x,
Royal,222.39,44.74,d,hg,x1,1,asb,71%,temperate,terran,12,x,
Royalston,136.63,-225.74,d,hx,x,x,x,x,x,x,x,x,
Rubigen,30.47,219.42,k,hg,x3,x,asb,x,arctic,glacial,x,flag,
Ruchbah,57.34,-22.95,d,hf,2,1.1,asb,40%,subarctic,tundra,x,flag,
Rukbat,42.1,109.56,k,hk,8,1.12,asb,89%,temperate,archipelago,x,x,
Ruschegg,-175.12,-323.37,m,hx,x,x,x,x,x,x,x,x,
Ryde,-45.32,92.39,s,hf,6,1.04,ast,23%,arctic,glacial,x,flag,
Ryerson,-75.42,-323.87,m,hx,x,x,x,x,x,x,x,x,
Rzhishchev,-294.26,-223.65,m,hx,x,x,x,x,x,x,x,x,
Saaremaa,138.7,137.93,k,hx,x,x,x,x,x,x,x,x,
Sabanillas,433.42,-177.62,d,ha,x4,1.12,asb,26%,arctic,tundra,7,flag,
Sabik,-12.66,57.49,k,ha,12,0.98,asb,31%,arid,desert,x,x,
Sackville,-390.82,-129.91,m,hx,x,x,x,x,x,x,x,x,
Sadachbia,80.53,36.6,k,hk,9,0.84,ast,63%,tropical,archipelago,x,x,
Sadalbari,137.67,43.17,k,hk,5,1.16,asb,59%,tropical,jungle,x,x,
Sadurni,-14.99,-346.83,m,hg,x4,1.1,asb,65%,temperate,terran,11,flag,
Safe Port,134.32,-289.03,d,hx,x,x,x,x,x,x,x,x,
Saffel,25.56,11.94,d,hk,6,0.77,asb,53%,arctic,glacial,x,x,
Saginaw,299.37,-96.37,d,hx,x,x,x,x,x,x,x,x,
Saiph,4.64,-68.51,l,hx,x,x,x,x,x,x,x,x,
Sakai,109.26,207.45,k,hx,x,x,x,x,x,x,x,x,
Sakhalin (Rimward),61.73,-142.68,l,hk,x5,1.02,asb,43%,subarctic,glacial,9,flag,
Sakhalin (Coreward),-24.03,152.78,s,hx,x,x,x,x,x,x,x,x,
Sakhara,276.37,34.32,d,hk,x1,0.95,asb,60%,subarctic,desert,13,x,
Sakuranoki,282.06,161.11,k,hx,x,x,x,x,x,x,x,x,
Salem,206.63,-162.26,d,hf,x7,1.15,asb,30%,arid,marginal,14,x,
Salford,339.14,406.08,k,hx,x,x,x,x,x,x,x,x,
Saltillo,-310.5,-83.1,m,hx,x,x,x,x,x,x,x,x,
Salur,-80.08,-196.9,m,hx,x,x,x,x,x,x,x,x,
San Nicolas,-390.03,-169.55,m,hx,x,x,x,x,x,x,x,x,
Sanda,322.4,196.2,k,hx,x,x,x,x,x,x,x,x,
Sanilac,147.22,-59.4,d,hx,x,x,x,x,x,x,x,x,
Santana,-198.69,260.29,s,hx,x,x,x,x,x,x,x,x,
Saonara,-171.05,-315.58,m,hx,x,x,x,x,x,x,x,x,
Sapienza,-418.15,146.26,s,hx,x,x,x,x,x,x,x,x,
Sappir,-367.35,220.21,s,hx,x,x,x,x,x,x,x,x,
Saravan,-274.05,187.4,s,hx,x,x,x,x,x,x,x,x,
Sargasso,-216.7,270.19,s,hx,x,x,x,x,x,x,x,x,
Sarikavak,-425.41,8.35,s,hx,x,x,x,x,x,x,x,x,
Sarmaxa,53.2,-164.55,l,hx,x,x,asb,x,x,forest,x,x,
Sarna,55.02,-155.97,l,hf,x3,1.03,asb,70%,temperate,terran,12,flag,
Sarpsborg,-149.56,32.51,s,hx,x,x,x,x,x,x,x,x,
Satalice,5.94,262.64,k,hk,x4,0.92,asb,41%,temperate,volcanic,12,x,
Sauk City,276.37,-3.16,d,hx,x,x,x,x,x,x,x,x,
Saunemin,245.89,-56.79,d,hx,x,x,x,x,x,x,x,x,
Savannah,-79.56,-46.9,m,hx,x,x,x,x,x,x,x,x,
Savinsville,141.79,358.7,k,hf,x5,1,asb,30%,subarctic,tundra,10,x,
Savonburg,497.73,-15.67,d,hx,x,x,x,x,temperate,terran,x,x,
Sawyer,250.3,395.41,k,hx,x,x,x,x,x,x,x,x,
Sax,-1.55,-377.27,l,hf,x2,0.9,atb,32%,temperate,marginal,8,x,
Scarborough,-15.51,-273.95,m,hx,x,x,x,x,x,x,x,x,
Scheat,168.4,42.13,k,hg,9,0.93,ahb,73%,temperate,marginal,x,x,
Schedar,117.78,-21.39,d,hg,7,1.1,ast,20%,arid,desert,x,x,
Schererville,-339.12,-88.04,m,hx,x,x,x,x,x,x,x,x,
Scheuerheck,-147.78,-330.96,m,hx,x,x,x,x,x,x,x,x,
Schiedam,-328.53,-146.38,m,hx,x,x,x,x,x,x,x,x,
Schirmeck,366.79,157.72,k,hx,x,x,x,x,x,x,x,x,
Schuyler,122.18,369.64,k,hk,x5,1.01,asb,40%,temperate,terran,18,x,
Schwartz,176.16,429.78,k,hx,x,x,x,x,x,x,x,x,
Scituate,87.81,-221.54,d,hx,x,x,x,x,x,x,x,x,
Scudder,196.04,-96.63,d,hx,x,x,x,x,x,marginal,x,x,
Second Chance,-22.74,-130.71,m,hx,x,x,x,x,x,x,x,x,
Second Try,34.35,-116.63,l,hx,x,x,x,x,x,x,x,x,
Seginus,-82.3,63.22,s,ha,4,1.02,asb,72%,stormy,mountains,x,x,
Seiduts,-81.88,364.17,s,hx,x,x,x,x,x,x,x,x,
Sekulmun,212.06,-221.84,d,hx,x,x,x,x,x,x,x,x,
Semenyih,-74.39,-162.76,m,hx,x,x,x,x,x,x,x,x,
Semichi,299.37,-216.36,d,hx,x,x,x,x,x,x,x,x,
Sendalor,43.65,-268.77,l,hx,x,x,x,x,x,x,x,x,
Senftenberg,-208.68,8.02,s,hx,x,x,x,x,x,x,x,x,
Senorbi,345.34,150.95,k,hx,x,x,x,x,x,x,x,x,
Sertar,312.54,294.4,k,hx,x,x,x,x,x,x,x,x,
Setubal,44.16,239.21,k,hx,x,x,x,x,x,x,x,x,
Sevren,-44.43,315.49,s,hk,x3,x,asb,x,x,x,x,flag,
Shahr Kord,-431.13,-11.37,s,hx,x,x,x,x,x,x,x,x,
Sharqah,-220.57,-294.21,m,hx,x,x,x,x,x,x,x,x,
Shasta,-218.03,-103.43,m,hx,x,x,x,x,x,x,x,x,
Shaul Khala,219.29,134.29,k,hx,x,x,x,x,x,x,x,x,
Shaula,30.62,271.72,k,hx,x,x,x,x,x,x,x,x,
Shaunavon,160.14,-325.76,d,hx,x,x,x,x,x,x,x,x,
Shawnee,552.49,-65.9,d,hg,x5,1.02,asb,65%,temperate,terran,13,x,
Sheliak,64.31,292.07,k,hx,x,x,x,x,x,marginal,x,x,
Shensi,53.73,-92.72,l,hf,5,1,asb,59%,temperate,forest,x,x,
Shenwan,-96.1,-223.45,m,hx,x,x,x,x,x,x,x,x,
Sheratan,40.81,-21.65,l,hk,9,0.9,asb,40%,temperate,argrarian,x,x,
Sheridan,-178.78,-57.32,m,hx,x,x,x,x,x,x,x,x,
Sherwood,563.34,-119.53,d,hx,x,x,x,x,temperate,forest,x,x,
Shiba,0.26,-333.55,l,hk,x5,1.09,asb,52%,tropical,terran,11,x,
Shibukawa,116.49,184.54,k,hx,x,x,x,x,x,x,x,x,
Shiloh,-88.08,-5,m,ha,4,1.11,asb,12%,arid,marginal,x,flag,
Shimonita,93.75,83.01,k,hf,6,1.06,asb,85%,tropical,archipelago,15,x,
Shimonoseki,212.32,250.14,k,hx,x,x,x,x,x,x,x,x,
Shimosuwa,45.97,136.38,k,hx,x,x,x,x,x,x,x,x,
Shinonoi,79.8,54.37,k,hg,9,1,asb,88%,temperate,terran,x,x,
Shionoha,-5.68,135.34,k,hx,x,x,x,x,x,x,x,x,
Shipka,80.06,-111.44,l,hk,7,1,asb,68%,tropical,terran,15,x,
Shiro,-28.17,-294.72,m,hf,x3,1,asb,70%,temperate,terran,14,x,
Shirotori,18.09,191.05,k,hx,x,x,x,x,x,x,x,x,
Shitara,41.58,88.21,k,hk,4,1.19,asb,63%,tropical,marginal,x,x,
Shoreham,123.71,-219.25,d,hx,x,x,x,x,x,x,x,x,
Shubuta,459.51,-124.22,d,hx,x,x,x,x,x,x,x,x,
Shuen Wan,-37.2,-220.85,m,hx,x,x,x,x,x,x,x,x,
Sian,7.15,-231.29,l,hg,x2,1,asb,70%,temperate,megalopolis,16,flag,
Siendou,-113.9,-293.71,m,hx,x,x,x,x,x,rough,15,x,
Sierpc,-288.06,44.25,s,hx,x,x,x,x,x,x,x,x,
Sierra,-410.92,-112.54,m,hx,x,x,x,x,x,x,x,x,
Sighisoara,302.21,239.99,k,hx,x,x,x,x,x,x,x,x,
Sigma Mare,6.46,-317.18,l,hg,x4,x,asb,x,subarctic,marginal,x,flag,
Silkeborg,181.32,187.15,k,hx,x,x,x,x,x,x,x,x,
Silver,-338.92,-131.81,m,hx,x,x,x,x,arid,desert,x,x,
Simferopol,306.96,189.69,k,hx,x,x,x,x,x,x,x,x,
Simpson Desert,-271.39,-100.01,m,hg,x4,x,asb,x,temperate,forest,x,flag,
Sinope,382.27,196.77,k,hx,x,x,x,x,x,x,x,x,
Sirdar,127.07,-311.68,d,hx,x,x,x,x,x,x,x,x,
Sirius,-2.56,-7.9,l,ha,6,0.86,atb,16%,temperate,desert,x,x,
Skallevoll,37.27,439.05,k,hx,x,x,x,x,x,x,x,x,
Skandia,22.73,253.27,k,hg,x2,1.13,asb,74%,temperate,terran,12,x,
Skat,93.24,27.04,k,hf,4,1.33,ast,58%,temperate,terran,x,x,
Skepptana,529.5,-192.4,d,hx,x,x,x,x,x,x,x,x,
Skokie,-41.58,324.86,k,hx,x,x,x,x,subactic,tundra,x,x,
Skondia,-31.78,55.93,s,hf,5,1.08,asb,77%,tropical,megalopolis,15,x,
Skvorec,-158.08,-309.89,m,hx,x,x,x,x,x,x,x,x,
Skye,-57.01,51.74,s,hg,6,1.03,asb,70%,temperate,terran,18,flag,
Slaithwaite,325.7,395.93,k,hx,x,x,x,x,x,x,x,x,
Slocum,58.11,-52.63,l,hg,10,1,asb,66%,tropical,terran,x,x,
Small World,51.65,-7.07,l,hm,7,1.04,atb,67%,subarctic,glacial,x,x,
Smolensk,178.22,-130.71,d,hx,x,x,x,x,x,x,x,x,
Smolnik,-253.16,111.64,s,hx,x,x,x,x,x,x,x,x,
Sodertalje,493.6,-236.92,d,hx,x,x,x,x,x,x,x,x,
Sodus,286.97,-65.64,d,hx,x,x,x,x,x,x,x,x,
Soilihull,-188.09,46.55,s,hx,x,x,x,x,x,x,x,x,
Sol,0,0,c,hg,8,1,asb,71%,temperate,terran,20,x,
Solaris,-122.22,-7.07,s,hk,x7,1.1,asb,80%,temperate,taiga,19,x,
Somerset,-159.37,428.74,s,hk,x1,1.08,asb,70%,temperate,terran,13,x,
Son Hoa,-420.73,-36.74,s,hk,x2,1.03,asb,61%,temperate,terran,17,x,
Songgang,327.51,-301.8,d,hx,x,x,x,x,x,x,x,x,
Sonnia,123.47,-42.21,d,hg,x3,x,x,x,tropical,terran,x,flag,
Sophie's World,-102.52,-132.8,m,hx,x,x,x,x,subarctic,tundra,x,x,
Sorunda,-65.1,-123.72,m,hm,x6,1.2,ahb,52%,arid,savannah,13,x,
Soul,377.11,281.13,k,hm,x5,1.13,asb,82%,arctic,glacial,14,x,
Soverzene,87.04,319.39,k,hx,x,x,x,x,x,x,x,x,
Sparrevohn,343.53,-189.61,d,hx,x,x,x,x,x,x,x,x,
Spica,92.46,-239.31,d,hx,x,x,x,x,x,x,x,x,
Spittal,59.14,347,k,hm,x1,1.04,asb,39%,tropical,jungle,13,x,
St. Andre,65.6,-101.36,l,hk,10,1,asb,34%,arid,desert,15,x,
St. Ives,109.55,-215.93,l,hg,x3,1.01,asb,67%,temperate,megalopolis,17,flag,
St. John,-13.43,403.75,k,hx,x,x,x,x,x,x,x,x,
St. Loris,89.89,-243.71,l,hx,x,x,x,x,x,x,x,x,
St. Robert,433.16,-31.55,d,hx,x,x,x,x,x,x,x,x,
Stanley,-413.5,111.64,s,hx,x,x,x,x,x,x,x,x,
Stantsiya,-392.41,-23.21,s,hx,x,x,x,x,x,x,x,x,
Stanzach,14.45,318.1,k,hx,x,x,x,x,x,x,x,x,
Stapelfeld,218,395.93,k,hx,x,x,x,x,x,x,x,x,
Steeles,291.35,-142.98,d,hx,x,x,x,x,x,x,x,x,
Steelton,-105.68,425.36,s,hx,x,x,x,x,x,x,x,x,
Steinhatchee,521.76,-97.68,d,hx,x,x,x,x,x,x,x,x,
Stein's Folly,159.62,-201.78,d,hk,x,x,x,x,x,x,x,x,
Sterling,-191.4,-71.4,m,hm,x4,0.9,atb,42%,temperate,terran,12,x,
Sterlington,523.82,54.11,d,hx,x,x,x,x,x,x,x,x,
Sternwerde,63.79,250.41,k,hx,x,x,x,x,x,x,x,x,
Stewart,-119.07,-52.34,m,hg,x4,1,asb,81%,arid,savannah,16,flag,
Storfors,-312.09,202.5,s,ha,x3,0.95,asb,72%,temperate,terran,18,x,
Stotzing,-348.24,-202.88,m,hx,x,x,x,x,x,x,x,x,
Strandfontein,-334.77,305.08,s,hx,x,x,x,x,x,x,x,x,
Stratford,525.89,39.26,d,hx,x,x,x,x,subarctic,mountains,x,x,
Strawn,235.82,-91.16,d,hx,x,x,x,x,x,x,x,x,
Streator,253.9,-76.31,d,hx,x,x,x,x,x,x,x,x,
Sturgis,416.63,69.21,d,hx,x,x,x,x,x,x,x,x,
Styk,42.1,-98.19,l,hk,9,1.1,asb,78%,temperate,archipelago,x,flag,
Styx,25.82,25.73,k,hf,3,0.83,asb,79%,stormy,swamp,x,x,
Sudeten,-83.4,294.23,s,hk,x4,1,asb,70%,temperate,terran,15,flag,
Suianheer,419.21,248.32,k,hx,x,x,x,x,x,x,x,x,
Suk,-29.2,257.96,s,hg,5,0.93,asb,x,tropical,jungle,x,x,
Sulafat,48.3,185.58,k,hx,x,x,x,x,x,x,x,x,
Sullivan,412.75,-31.29,d,hx,x,x,x,x,x,x,x,x,
Summer,-44.43,26.25,s,hm,5,1.03,asb,77%,tropical,mountains,13,flag,
Summit,-116.78,211.09,s,hx,x,x,x,x,x,x,x,x,
Sun Prairie,324.95,29.11,d,hx,x,x,x,x,x,x,x,x,
Surcin,-91.19,198.79,s,hx,x,x,x,x,x,x,x,x,
Susquehanna,52.17,423.52,k,hx,x,x,x,x,x,x,x,x,
Susulatna,304.78,-187,d,hx,x,x,x,x,x,x,x,x,
Sutama,90.66,124.65,k,hx,x,x,x,x,x,x,x,x,
Suzano,15.75,-114.34,m,hx,x,x,x,x,subarctic,terran,x,x,
Svarstaad,-61.99,341,s,hx,x,x,x,x,x,x,x,x,
Svelvik,17.3,414.42,k,hx,x,x,x,x,x,x,x,x,
Sverdlovsk,340.95,185.58,k,hx,x,x,x,x,x,x,x,x,
Svinngarn,-131.73,111.64,s,hx,x,x,x,x,x,x,x,x,
Swartklip,-359.53,331.37,s,hx,x,x,x,x,x,x,x,x,
Sylvan,422.84,3.08,d,hx,x,x,x,x,x,x,x,x,
Sylvester,363.15,-115.33,d,hx,x,x,x,x,x,x,x,x,
Symington,-38.49,148.87,s,hx,x,x,x,x,x,x,x,x,
Symsonia,486.37,-96.37,d,hx,x,x,x,x,x,x,x,x,
Syrma,-57.88,39.44,s,hf,6,0.84,asb,80%,temperate,terran,x,x,
Tabayama,407.26,234.76,k,hf,x3,1.02,asb,45%,temperate,argrarian,16,flag,
Taga,88.85,-208.87,l,hx,x,x,x,x,x,x,x,x,
Tainjin,-364.77,275.4,s,hx,x,x,x,x,x,x,x,x,
Talcott,199.66,-124.73,d,hg,x3,0.9,asb,30%,temperate,x,x,x,
Talitha,-34.11,-34.93,m,ha,x,x,x,x,x,x,x,x,
Tall Trees,0.77,-67.22,l,hm,x8,x,x,x,x,x,x,x,
Tallin,119.58,-268.97,l,hx,x,x,x,x,x,x,x,x,
Tallmadge,275.86,42.13,d,hx,x,x,x,x,x,x,x,x,
Tamar,-15.42,317.07,s,hg,x3,1.2,asb,32%,temperate,terran,14,flag,
Tamarind,-268.75,-83.81,m,hk,x4,1,asb,61%,temperate,wasteland,11,flag,
Tamsalu,167.37,165.69,k,hx,x,x,x,x,x,x,x,x,
Tancredi,429.29,94.2,d,hg,x4,1.02,asb,35%,arid,savannah,14,flag,
Tangipahoa,588.9,-21.65,d,hx,x,x,x,x,x,x,x,x,
Tangua,-307.13,273.84,s,,,,,,,,,,
Tanh Linh,90.14,234,k,hx,x,x,x,x,x,x,x,x,
Tania Australis,-140.55,-65.13,m,hx,x,x,x,x,x,x,x,x,
Tania Borealis,-106.67,-52.88,m,hx,x,x,x,x,x,x,x,x,
Tannil,121.92,57.75,k,hx,x,x,x,x,x,x,x,x,
Tantara,101.24,-254.69,l,hx,x,x,x,x,x,x,x,x,
Tapachula,-260.39,-214.07,m,hx,x,x,x,x,x,x,x,x,
Tapihue,-293.47,187.66,s,hx,x,x,x,x,x,x,x,x,
Tarazed,126.04,253.27,k,hx,x,x,x,x,x,x,x,x,
Tarkio,317.18,-0.04,d,hx,x,x,x,x,x,x,x,x,
Tarnby,266.56,432.11,k,hx,x,x,x,x,x,x,x,x,
Tatlawiksuk,371.17,-191.7,d,hx,x,x,x,x,x,x,x,x,
Tatsuno,204.3,156.16,k,hx,x,x,x,x,x,x,x,x,
Tau Ceti,-12.4,3.08,s,hg,6,1,ast,74%,temperate,terran,x,x,
Tawas,135.59,-56.28,d,hx,x,x,x,x,x,x,x,x,
Taygeta,198.21,-297.79,d,hx,x,x,x,x,x,x,x,x,
Tchamba,-300.7,-148.68,m,hx,x,x,x,x,x,x,x,x,
Tecumseh,139.22,-105.75,d,hx,x,x,x,x,x,x,x,x,
Tegaldanas,309.95,-281.74,d,hx,x,x,x,x,x,x,x,x,
Tellman's Mistake,-243.35,-312.99,m,hf,x2,x,x,x,x,x,x,flag,
Telos,43.9,40.57,k,hk,6,0.73,asb,82%,tropical,archipelago,x,x,
Tematagi,-270.69,-268.47,m,hx,x,x,x,x,x,x,x,x,
Teng,127.6,-273.95,l,hx,x,x,x,x,x,x,x,x,
Teniente,184.95,310.02,k,hx,x,x,x,x,x,x,x,x,
Tentativa,349.47,-304.4,d,hx,x,x,x,x,x,x,x,x,
Terra Firma,22.47,-33.88,l,hg,8,1.2,asb,79%,temperate,forest,x,x,
Tetersen,-203.04,145.75,s,hx,x,x,x,x,x,x,x,x,
Texlos,110.55,-274.45,l,hk,x6,0.99,asb,45%,tropical,argrarian,16,flag,
Teyvareb,-413.3,-14.09,s,hx,x,x,x,x,x,x,x,x,
Thannhausen,-8.53,294.14,k,hx,x,x,x,x,x,x,x,x,
Tharkad,-212.84,152.86,s,hg,x5,1.1,asb,80%,arctic,glacial,17,flag,
The Edge,-33.58,409.99,k,hx,x,x,x,x,x,x,x,x,
Thermopolis,-215.23,-58.61,m,hx,x,x,x,x,x,x,x,x,
Thessalonika,74.12,306.89,k,hg,x3,x,x,x,temperate,agrarian,x,flag,
Thestria,290.63,80.49,k,hx,x,x,x,x,arctic,glacial,x,x,
Thibodaux,575.73,-7.59,d,hx,x,x,x,x,x,x,x,x,
Thimphu,346.37,288.42,k,hx,x,x,x,x,x,x,x,x,
Thorin,-23.51,8.02,s,hg,8,1,asb,74%,temperate,terran,17,x,
Thuban,-196.11,118.67,s,ha,x,x,x,x,vacuum,volcanic,x,x,
Thule,92.98,458.42,k,ha,x2,0.87,asb,25%,temperate,desert,11,flag,
Thun,-17.83,261.59,k,hx,x,x,x,x,x,x,x,x,
Thurrock,-74.43,-384.86,m,hx,x,x,x,x,x,x,x,x,
Tiber,-123.71,-148.48,m,hg,x4,1,ast,22%,arid,savannah,17,flag,
Tiflis,353.87,197.04,k,hf,x5,1.02,asb,69%,temperate,forest,11,x,
Tigress,74.63,-29.71,l,hg,4,0.8,asb,70%,temperate,terran,x,flag,
Tikonov,102.8,-42.47,l,hg,x4,1.04,asb,48%,temperate,megalopolis,19,flag,
Timbiqui,-333.48,-59.66,s,hx,x,x,x,x,arid,desert,x,x,
Timbuktu,-446.31,155.87,s,hk,x2,0.94,asb,63%,arid,desert,10,flag,
Timehri,-260.88,299.34,s,hx,x,x,x,x,x,x,x,x,
Timkovichi,-198.09,247.8,s,hx,x,x,x,x,x,x,x,x,
Tinaca,70.51,275.66,k,hg,x3,1.02,asb,85%,tropical,marginal,8,x,
Tiruppur,-305.84,163.96,s,hx,x,x,x,x,x,x,x,x,
Tishomingo,315.38,46.55,d,hx,x,x,x,x,x,x,x,x,
Tiskilwa,213.61,-90.9,d,hx,x,x,x,x,x,x,x,x,
Toffen,41.58,223.33,k,hx,x,x,x,x,x,x,x,x,
Togura,224.19,154.61,k,hg,x4,1.03,asb,65%,tropical,terran,16,x,
Togwotee,-196.31,-49.25,m,hx,x,x,x,x,x,x,x,x,
Tohelet,-292.67,-265.88,m,hx,x,x,x,x,x,x,x,x,
Tok Do,94.75,180.27,k,hk,x4,0.96,asb,75%,tropical,jungle,18,x,
Toland,-115.69,434.46,s,hx,x,x,x,x,x,x,x,x,
Tomans,-50.89,223.85,s,hx,x,x,x,x,x,x,x,x,
Tongatapu,-171.12,-142.35,m,hx,x,x,x,x,x,x,x,x,
Tormentine,-380.22,-159.67,m,hx,x,x,x,x,x,x,x,x,
Torrence,289.29,-131.81,d,hx,x,x,x,x,x,x,x,x,
Towne,69.21,8.02,d,hf,5,0.97,asb,72%,temperate,terran,x,x,
Winfield (Spinward),536.99,23.64,d,hx,x,x,x,x,x,x,x,x,
Winfield (Coreward),-111.62,408.17,s,hg,x5,x,x,x,tropical,jungle,x,x,
Trell,-113.9,389.68,s,hm,5,0.86,asb,9%,arid,rough,x,x,
Trellisane,-251.08,-55.49,m,hg,x3,x,x,x,x,x,x,flag,
Trent,-131.73,58.54,s,hx,x,x,x,x,x,x,x,x,
Trentham,-310.5,345.42,s,hx,x,x,x,x,x,x,x,x,
Triesting,-350.22,190.8,s,hx,x,x,x,x,x,x,x,x,
Trinidad,-226.81,-173.43,m,hg,x3,0.86,asb,61%,tropical,terran,14,x,
Tripoli,199.4,53.33,k,hx,x,x,x,x,x,x,x,x,
Trolloc,33.57,172.31,k,hx,x,x,x,x,x,x,x,x,
Trondheim,72.57,408.17,k,hg,x3,x,x,x,temperate,volcanic,x,flag,
Truth,78.26,-160.45,l,hg,x6,x,x,x,x,x,x,flag,
Tsamma,447.62,-45.08,d,hk,x4,1,asb,75%,tropical,jungle,14,x,
Tsarahavana,-352.9,303.77,s,hx,x,x,x,x,x,x,x,x,
Tsinan,-243.05,207.97,s,hx,x,x,x,x,x,x,x,x,
Tsinghai,-2.85,-153.37,l,hk,x5,x,x,x,x,wasteland,x,flag,
Tsingtao,93.24,-156.26,l,hx,x,x,x,x,x,x,x,x,
Tsitsang,51.91,-109.35,l,hg,7,0.96,asb,48%,temperate,agrarian,x,x,
Tsukude,20.13,120.23,k,hf,7,1.01,asb,57%,tropical,archipelago,x,x,
Tuamotu,-235.03,-187,m,hx,x,x,x,x,x,x,x,x,
Tukayyid,-4.42,211.93,k,hg,x4,1.03,asb,60%,arid,agrarian,x,x,
Turin,21.18,-370.48,l,hg,x,1.02,asb,20%,temperate,agrarian,10,flag,
Turinge,-160.45,97.59,s,hx,x,x,x,x,x,x,x,x,
Turtle Bay,152.65,403.75,k,hx,x,x,x,x,x,x,x,x,
Tuscarawas,258.04,310.64,k,hx,x,x,x,x,x,x,x,x,
Twycross (Jonah's Reach),-108.26,367.86,s,hf,x3,1,asb,40%,stormy,desert,11,flag,
Tybalt,89.89,-20.61,l,hg,6,1,asb,60%,temperate,mountains,x,x,
Udibi,315.89,70.25,d,hx,x,x,x,x,x,x,x,x,
Ueda,-14.02,209.43,k,hx,x,x,x,x,x,x,x,x,
Uhuru,-138.96,-12.54,m,hx,x,x,x,x,x,wasteland,x,x,
Ulan Batar,126.47,-74.94,d,hx,x,x,x,x,x,x,x,x,
Ulan Bator,35.9,-140.39,l,hx,x,x,x,x,x,x,x,x,
Ulysses,413.01,-17.74,d,hx,x,x,x,x,x,x,x,x,
Umijiri,123.71,107.21,k,hx,x,x,x,x,x,x,x,x,
Umka,-129.65,-364,m,hk,x4,1,asb,80%,tropical,archipelago,13,x,
Unity,224.46,289.46,k,hf,x3,0.99,asb,47%,subarctic,terran,13,x,
Unukalhai,-46.24,70.25,s,hk,12,1.21,ast,66%,temperate,wasteland,x,x,
Unzmarkt,0,367.56,k,hx,x,x,x,x,x,x,x,x,
Upano,-219.28,193.66,s,hx,x,x,x,x,x,x,x,x,
Uravan,75.77,-265.75,d,hx,x,x,x,x,x,x,x,x,
Urich,429.04,18.96,d,hx,x,x,x,x,x,x,x,x,
Urjala,-417.47,70,s,hx,x,x,x,x,x,x,x,x,
Utrecht,23.5,238.17,k,hx,x,x,x,x,x,x,x,x,
Uzhgorod,-213.84,57.24,s,hx,x,x,x,x,x,x,x,x,
Vackisujfalu,465.97,-288.53,d,hx,x,x,x,x,x,x,x,x,
Vakarel,-141.34,-354.42,m,hx,x,x,x,x,x,x,x,x,
Valentina,397.52,142.63,k,hx,x,x,x,x,x,x,x,x,
Valexa,113.71,-87.42,d,hx,x,x,x,x,x,x,x,x,
Valilyevskiy,-329.31,-179.43,m,hx,x,x,x,x,x,x,x,x,
Valloire,-383.81,40.2,s,hx,x,x,x,x,tropical,terran,x,x,
Valmiera,188.81,132.99,k,hx,x,x,x,x,x,x,x,x,
Van Diemen,-32.81,-41.96,m,hx,x,x,x,x,x,x,x,x,
Vandalia,477.34,-66.69,d,hx,x,x,x,x,x,x,x,x,
Vanern,159.11,142.11,k,hx,x,x,x,x,x,x,x,x,
Vanra,-48.3,-164.35,m,hg,x4,0.95,asb,55%,subarctic,terran,14,flag,
Vantaa,-72.59,354.01,s,hx,x,x,x,x,x,x,x,x,
Vard,74.12,-357.51,l,hx,x,x,x,x,x,x,x,x,
Vaucluse,496.45,-163.25,d,hx,x,x,x,x,x,x,x,x,
Veckholm,-115.99,124.91,s,hx,x,x,x,x,x,x,x,x,
Vega,-3.62,107.38,k,ha,8,0.98,asb,21%,arid,terran,14,flag,
Velhas,69.21,-280.64,d,hx,x,x,x,x,x,x,x,x,
Venaria,-395.77,84.57,s,hx,x,x,x,x,x,x,x,x,
Vendrell,-315.65,126.74,s,hm,x1,1.01,ahb,50%,temperate,terran,11,x,
Ventabren,3.35,-124.22,m,hx,x,x,x,x,x,x,x,x,
Verde,349.73,12.72,d,hx,x,x,x,x,x,x,x,x,
Verdigreis,372.46,-333.05,d,hx,x,x,x,x,x,x,x,x,
Verlo,100.47,-305.2,d,hx,x,x,x,x,x,x,x,x,
Vermezzo,-361.4,163.45,s,hx,x,x,x,x,x,x,x,x,
Verthandi,-54.77,398.81,k,hk,x2,x,x,x,x,x,x,x,
Vestallas,66.64,-216.36,l,hg,x4,x,x,x,x,x,x,flag,
Viborg,-464.91,80.66,s,hx,x,x,x,x,temperate,argrarian,x,x,
Vibrunum,531.05,-20.86,d,hx,x,x,x,x,x,x,x,x,
Vicente,448.65,-70.34,d,hx,x,x,x,x,x,x,x,x,
Victoria (Anti-Spinward),92.82,-350.46,l,hk,x2,1,atb,9%,stormy,glacial,14,flag,
Victoria (Spinward),225.49,-178.12,d,hx,x,x,x,x,x,x,x,x,
Vihtijarvi,-354.17,147.57,s,hx,x,x,x,x,x,x,x,x,
Vikindu,-128.86,-261.38,m,hx,x,x,x,x,x,x,x,x,
Villanueva,-87.57,-351.02,m,hx,x,x,x,x,x,x,x,x,
Vindemiatrix,-100.32,26.58,s,hg,6,1.03,asb,40%,arid,marginal,x,x,
Vipaava,61.22,373.29,k,hx,x,x,x,x,x,x,x,x,
Virentofta,198.89,402.96,k,hx,x,x,x,x,x,x,x,x,
Virtue,-368.63,177.51,s,hx,x,x,x,x,x,x,x,x,
Volders,-24.03,293.87,s,hx,x,x,x,x,x,x,x,x,
Vorarlberg,24.29,305.86,k,hx,x,x,x,x,x,x,x,x,
Vorzel,-234.83,181.42,s,hx,x,x,x,x,x,x,x,x,
Vosloorus,-198.39,-257.48,m,hx,x,x,x,x,x,x,x,x,
Vulcan,-66.64,322.78,s,hx,x,x,x,x,x,x,x,x,
Waddesdon,99.05,92.52,k,hx,x,x,x,x,x,x,x,x,
Waimalu,407.84,-179.73,d,hx,x,x,x,x,x,x,x,x,
Waipahu,426.19,-189.31,d,hx,x,x,x,x,x,x,x,x,
Waldheim,345.59,130.64,k,hx,x,x,x,x,x,x,x,x,
Waldorff,-131.73,361.3,s,hg,z2,0.97,asb,69%,temperate,terran,12,x,
Wallacia,-38.23,-269.76,m,hx,x,x,x,x,x,x,x,x,
Wallis,-198.69,-194.99,m,hm,x6,0.97,asb,57%,tropical,terran,12,x,
Wapakoneta,238.15,69.72,k,hk,x6,0.98,asb,87%,arid,archipelago,10,flag,
Wappingers,175.12,-232.83,d,hx,x,x,x,x,x,x,x,x,
Ward,72.06,-411.11,l,hf,x6,0.91,atb,89%,arid,archipelago,9,flag,
Warlock,120.1,-259.58,l,hf,x3,1.03,atb,12%,arctic,tundra,15,flag,
Warren,297.81,-330.66,d,hx,x,x,x,x,x,x,x,x,
Wasat,-19.89,-54.97,m,hx,x,x,x,x,x,x,x,x,
Washburn,-155.2,-104.46,m,hf,x2,1.07,ahb,36%,arid,savannah,11,x,
Watermael,-118.35,-338.43,m,hx,x,x,x,x,x,x,x,x,
Waunakee,317.18,15.06,d,hx,x,x,x,x,x,x,x,x,
Waxell,279.21,-181.22,d,hx,x,x,x,x,x,x,x,x,
Wazan,5.94,-141.69,l,hx,x,x,x,x,x,x,x,x,
Weatogue,98.66,-278.65,d,hx,x,x,x,x,x,x,x,x,
Wedderborg,471.87,-86,d,hx,x,x,x,x,x,x,x,x,
Wedgefield,371.17,-163.75,d,hx,x,x,x,x,x,x,x,x,
Weekapaug,107.7,-227.04,d,hx,x,x,x,x,x,x,x,x,
Wei,63.79,-120.03,l,hg,9,1,asb,x,x,x,x,flag,
Weingarten,-19.37,302.48,s,hg,x3,1,asb,71%,temperate,agrarian,18,flag,
Weippe,317.18,-309.29,d,hx,x,x,x,x,x,x,x,x,
Weisau,376.85,135.08,k,hf,9,x,x,x,x,x,x,x,
Weldon,429.29,-93.51,d,hx,x,x,x,x,x,x,x,x,
Wernke,248.22,-232.53,d,hg,x3,1,asb,60%,temperate,agrarian,15,flag,
Westerhand,-5.43,-278.05,l,hg,x2,0.93,asb,66%,tropical,terran,8,x,
Westerstede,-207.39,171.26,s,hx,x,x,x,x,x,x,x,x,
Westover,-304.27,-211.96,m,hf,x4,0.95,asb,41%,arid,terran,12,x,
Wetumpka,526.93,-165.65,d,hx,x,x,x,x,x,x,x,x,
Wheel,-30.49,266.81,k,hx,x,x,x,x,x,x,x,x,
Whittington,-106.18,107.21,s,hx,x,x,x,x,x,x,x,x,
Wilkes,-212.05,-275.46,m,hx,x,x,x,x,x,x,x,x,
Willowick,328.04,-75.02,d,hx,x,x,x,x,x,x,x,x,
Willunga,-333.48,347.77,s,hx,x,x,x,x,x,x,x,x,
Wiltshire,-438.86,144.19,s,hx,x,x,x,x,x,x,x,x,
Windsor,-276.93,276.96,s,hx,x,x,x,x,x,x,x,x,
Wing,-75.16,-10.97,m,hk,4,0.99,ahb,71%,arid,mountains,x,x,
Winter,-299.11,352.97,s,hx,x,x,x,x,x,x,x,x,
Wisconsin,-158.58,-298.91,m,hx,x,x,x,x,x,x,x,x,
Wolcott,146.96,339.69,k,hx,x,x,x,x,temperate,swamp,x,x,
Wolof,-298.61,-157.76,m,hx,x,x,x,x,x,x,x,x,
Woodbine,503.28,23.97,d,hg,x5,1.14,ahb,41%,temperate,savannah,14,flag,
Woodstock,44.16,-37,l,hg,9,1,asb,74%,temperate,agrarian,x,x,
Worrell,292.65,231.92,k,hx,x,x,x,x,x,x,x,x,
Wotan,-142.04,411.29,s,hx,x,x,x,x,x,x,x,x,
Wrentham,170.48,-327.87,d,hx,x,x,x,x,x,x,x,x,
Wright,26.33,-292.93,l,hx,x,x,x,x,x,x,x,x,
Wroclaw,-211.06,242.33,s,hx,x,x,x,x,x,x,x,x,
Wroxeter,166.34,-59.4,d,hx,x,x,x,x,x,x,x,x,
Wyatt,-67.2,-8.39,s,hx,x,x,x,x,x,x,x,x,
Xanthe,-67.16,-333.05,m,hx,x3,x,x,x,x,x,x,x,
Xenia,457.19,-89.6,d,hx,x,x,x,x,x,x,x,x,
Xhosa,173.83,14.53,d,hx,x7,x,x,x,arid,desert,x,x,
Xieng Khouang,85.23,-313.99,l,hx,x,x,x,x,x,x,x,x,
Xinyang,113.11,226.58,k,hf,x2,0.98,asb,70%,temperate,marginal,x,flag,
Yamarovka,111.58,276.44,k,hx,x,x,x,x,stormy,x,x,x,
Yance,69.74,52.02,k,hg,8,1.06,asb,67%,temperate,terran,x,x,
Yanchep,-133.32,-289.33,m,hx,x,x,x,x,x,x,x,x,
Yangtze,75.41,-43.78,l,hg,10,1.1,asb,80%,temperate,marginal,x,x,
Yardley,166.34,211.36,k,hx,x,x,x,x,x,x,x,x,
Yed Posterior,-44.18,119.97,s,hg,5,1.04,asb,92%,temperate,archipelago,x,x,
Yed Prior,-61.99,124.91,s,hf,x5,x,x,x,x,,x,x,
Yeguas,-160.53,283.76,s,hg,x3,0.98,asb,69%,arid,agrarian,13,flag,
Yorii,-8,21.31,k,hf,5,1.12,asb,81%,arid,marginal,x,x,
York,-279.21,115.55,s,hx,x,x,x,x,x,x,x,x,
Yumesta,169.7,226.71,k,hx,x,x,x,x,x,x,x,x,
Yunnah,27.14,-127.9,l,hk,x6,1,asb,76%,arid,marinal,9,flag,
Yuris,134.58,-353.01,l,hx,x,x,x,x,x,x,x,x,
Zalaf,387.95,213.69,k,hx,x,x,x,x,x,x,x,x,
Zanderij,-177.98,267.32,s,hx,x,x,x,x,x,x,x,x,
Zaniah,-102.52,7.8,s,ha,3,0.79,asb,39%,arid,desert,x,x,
Zanzibar,119.58,-367.39,l,hg,x3,1,asb,44%,arid,desert,12,x,
Zaprudy,-319.8,93.42,s,hx,x,x,x,x,x,x,x,x,
Zaurak,72.66,-124.17,l,hx,x,x,x,x,x,x,x,x,
Zavijava,-31.78,-0.3,s,hm,6,1.08,aht,86%,temperate,volcanic,x,x,
Zdice,-311.71,-24.53,s,hx,x,x,x,x,x,x,x,x,
Zebebelgenubi,-52.18,47.87,s,ha,6,0.92,asb,27%,temperate,marginal,x,x,
Zebeneschamali,-77.76,90.82,s,hm,7,0.72,asb,66%,subarctic,marginal,x,x,
Zhongshan,-206.41,325.65,s,hx,x,x,x,x,x,x,x,x,
Ziliang,68.43,-266.06,d,hm,x5,1.2,ast,27%,arid,wasteland,9,flag,
Zion,15.24,-83.87,m,hf,x2,1.1,atb,35%,arid,marginal,11,flag,
Zlatousi,426.96,221.24,k,hx,x,x,x,x,x,x,x,x,
Zoetermeer,-78.01,332.92,s,hg,x2,0.98,asb,11%,arid,desert,11,x,
Zolfo,526.93,-72.42,d,hf,x4,x,x,x,temperate,marginal,x,flag,
Zollikofen,-28.94,19.49,s,hg,11,0.8,asb,80%,tropical,marginal,x,x,
Zortman,-212.55,-77.89,m,hx,x,x,x,x,arid,desert,x,x,
Zosma,-50.12,-10.45,m,ha,4,1.21,atb,22%,arid,wasteland,12,flag,
Zurich,20.13,-63.57,l,hk,x4,x,x,x,x,agrarian,x,flag,
Zvolen,-243.35,49.42,s,hx,x,x,x,x,x,x,x,x,
Zwenkau,-233.54,9.85,s,hx,x,x,x,x,x,x,x,x,
Zwipadze,-338.13,264.46,s,hx,x,x,x,x,x,x,x,x,
zz1,72,-420,y,,,,,,,,,,
zz2,87,-400,y,,,,,,,,,,
zz3,119,-410,y,,,,,,,,,,
zz4,150,-397,y,,,,,,,,,,
zz5,170,-380,y,,,,,,,,,,
zz6,190,-375,y,,,,,,,,,,
zz7,220,-370,y,,,,,,,,,,
zz8,270,-365,y,,,,,,,,,,
zz9,300,-340,y,,,,,,,,,,
zz10,330,-337,y,,,,,,,,,,
zz11,350,-340,y,,,,,,,,,,
zz12,377.15,-335.4,y,,,,,,,,,,
zz13,370,-340,y,,,,,,,,,,
zz14,380,-328,y,,,,,,,,,,
zz15,395,-318,y,,,,,,,,,,
zz16,420,-315,y,,,,,,,,,,
zz17,465,-300,y,,,,,,,,,,
zz18,540.25,-222.3,y,,,,,,,,,,
zz19,500,-280,y,,,,,,,,,,
zz20,528,-240,y,,,,,,,,,,
zz21,550,-192,y,,,,,,,,,,
zz22,570,-175,y,,,,,,,,,,
zz23,562,-160,y,,,,,,,,,,
zz24,585,-150,y,,,,,,,,,,
zz25,589,-115,y,,,,,,,,,,
zz26,604,-84.29,y,,,,,,,,,,
zz27,621.71,-65.57,y,,,,,,,,,,
zz28,631.82,-34.48,y,,,,,,,,,,
zz29,641.4,-6.5,y,,,,,,,,,,
zz30,626.85,22.39,y,,,,,,,,,,
zz31,628,63.23,y,,,,,,,,,,
zz32,590,95,y,,,,,,,,,,
zz33,541,94,y,,,,,,,,,,
zz34,495,107,y,,,,,,,,,,
zz35,459,118,y,,,,,,,,,,
zz36,427,144,y,,,,,,,,,,
zz37,408,169,y,,,,,,,,,,
zz38,450,189,y,,,,,,,,,,
zz39,463,222,y,,,,,,,,,,
zz40,453,261,y,,,,,,,,,,
zz41,458,302,y,,,,,,,,,,
zz42,426,350,y,,,,,,,,,,
zz43,381,391,y,,,,,,,,,,
zz44,388,425,y,,,,,,,,,,
zz45,340,441.36,y,,,,,,,,,,
zz46,280,451,y,,,,,,,,,,
zz47,239.57,453.04,y,,,,,,,,,,
zz48,163.04,457,y,,,,,,,,,,
zz49,114.16,488,y,,,,,,,,,,
zz50,32.49,482.59,y,,,,,,,,,,
zz51,-20,450.26,y,,,,,,,,,,
zz52,-64,432,y,,,,,,,,,,
zz53,-111,451,y,,,,,,,,,,
zz54,-157,476,y,,,,,,,,,,
zz55,-192.75,458.69,y,,,,,,,,,,
zz56,-247,426,y,,,,,,,,,,
zz57,-299,401,y,,,,,,,,,,
zz58,-360,387,y,,,,,,,,,,
zz59,-411,368,y,,,,,,,,,,
zz60,-405,322.75,y,,,,,,,,,,
zz61,-435,288,y,,,,,,,,,,
zz62,-447.06,247,y,,,,,,,,,,
zz63,-454,209,y,,,,,,,,,,
zz64,-461,160,y,,,,,,,,,,
zz65,-483,119,y,,,,,,,,,,
zz66,-477,46,y,,,,,,,,,,
zz67,-453,1,y,,,,,,,,,,
zz68,-451,-44,y,,,,,,,,,,
zz69,-454,-85,y,,,,,,,,,,
zz70,-421,-141,y,,,,,,,,,,
zz71,-428,-190,y,,,,,,,,,,
zz72,-411,-234,y,,,,,,,,,,
zz73,-369,-253,y,,,,,,,,,,
zz74,-328,-285,y,,,,,,,,,,
zz75,-312,-308,y,,,,,,,,,,
zz76,-248,-329,y,,,,,,,,,,
zz77,-198,-354,y,,,,,,,,,,
zz78,-160,-367,y,,,,,,,,,,
zz79,-135,-397,y,,,,,,,,,,
zz80,-95,-394,y,,,,,,,,,,
zz81,-60,-399,y,,,,,,,,,,
zz82,-25.12,-403,y,,,,,,,,,,
zz83,8.1,-411,y,,,,,,,,,,
